ISO-10303-21;
HEADER;
FILE_DESCRIPTION (( 'STEP AP214' ),
    '1' );
FILE_NAME ('Cover Top.STEP',
    '2026-02-09T19:57:56',
    ( '' ),
    ( '' ),
    'SwSTEP 2.0',
    'SolidWorks 2017',
    '' );
FILE_SCHEMA (( 'AUTOMOTIVE_DESIGN' ));
ENDSEC;

DATA;
#1 = CARTESIAN_POINT ( 'NONE',  ( 0.9049999999999995800, 0.1440000000000000700, -0.9694999999999997000 ) ) ;
#2 = EDGE_CURVE ( 'NONE', #918, #2350, #1089, .T. ) ;
#3 = ORIENTED_EDGE ( 'NONE', *, *, #2249, .F. ) ;
#4 = CARTESIAN_POINT ( 'NONE',  ( -1.043342308546124900, 0.1440000000000000700, 0.1174999999999992600 ) ) ;
#5 = ORIENTED_EDGE ( 'NONE', *, *, #309, .T. ) ;
#6 = VERTEX_POINT ( 'NONE', #1913 ) ;
#7 = ORIENTED_EDGE ( 'NONE', *, *, #881, .T. ) ;
#8 = EDGE_LOOP ( 'NONE', ( #2201, #2126, #2207, #1438 ) ) ;
#9 = VECTOR ( 'NONE', #1631, 39.37007874015748100 ) ;
#10 = CARTESIAN_POINT ( 'NONE',  ( -1.024999999999996800, 0.08150000000000030800, 1.323000000000000200 ) ) ;
#11 = AXIS2_PLACEMENT_3D ( 'NONE', #2252, #2471, #525 ) ;
#12 = CARTESIAN_POINT ( 'NONE',  ( -1.024999999999996800, 0.08000000000000002900, -1.323000000000000200 ) ) ;
#13 = ADVANCED_FACE ( 'NONE', ( #133 ), #2813, .F. ) ;
#14 = ORIENTED_EDGE ( 'NONE', *, *, #919, .F. ) ;
#15 = AXIS2_PLACEMENT_3D ( 'NONE', #163, #845, #1691 ) ;
#16 = DIRECTION ( 'NONE',  ( -0.0000000000000000000, -1.000000000000000000, -0.0000000000000000000 ) ) ;
#17 = ORIENTED_EDGE ( 'NONE', *, *, #208, .F. ) ;
#18 = ADVANCED_FACE ( 'NONE', ( #2189 ), #1062, .T. ) ;
#19 = DIRECTION ( 'NONE',  ( 0.0000000000000000000, 0.0000000000000000000, -1.000000000000000000 ) ) ;
#20 = EDGE_CURVE ( 'NONE', #832, #136, #677, .T. ) ;
#21 = DIRECTION ( 'NONE',  ( -1.000000000000000000, 0.0000000000000000000, -0.0000000000000000000 ) ) ;
#22 = ORIENTED_EDGE ( 'NONE', *, *, #2418, .T. ) ;
#23 = VECTOR ( 'NONE', #476, 39.37007874015748100 ) ;
#24 = LINE ( 'NONE', #2180, #732 ) ;
#25 = VECTOR ( 'NONE', #2596, 39.37007874015748100 ) ;
#26 = APPLICATION_PROTOCOL_DEFINITION ( 'draft international standard', 'automotive_design', 1998, #241 ) ;
#27 = ORIENTED_EDGE ( 'NONE', *, *, #1000, .F. ) ;
#28 = CARTESIAN_POINT ( 'NONE',  ( 0.8724999999999999400, 0.2100000000000000200, -1.171500000000000000 ) ) ;
#29 = AXIS2_PLACEMENT_3D ( 'NONE', #1623, #544, #2299 ) ;
#30 = VERTEX_POINT ( 'NONE', #2373 ) ;
#31 = CONICAL_SURFACE ( 'NONE', #2230, 0.06249999999999995100, 1.134464013796309300 ) ;
#32 = CYLINDRICAL_SURFACE ( 'NONE', #2704, 0.05349999999999999200 ) ;
#33 = DIRECTION ( 'NONE',  ( 0.0000000000000000000, -0.0000000000000000000, 1.000000000000000000 ) ) ;
#34 = ADVANCED_FACE ( 'NONE', ( #340 ), #1752, .T. ) ;
#35 =( LENGTH_UNIT ( ) NAMED_UNIT ( * ) SI_UNIT ( $, .METRE. ) );
#36 = FACE_OUTER_BOUND ( 'NONE', #2737, .T. ) ;
#37 = FACE_OUTER_BOUND ( 'NONE', #2154, .T. ) ;
#38 = EDGE_CURVE ( 'NONE', #2741, #1095, #203, .T. ) ;
#39 = ORIENTED_EDGE ( 'NONE', *, *, #1563, .T. ) ;
#40 = CARTESIAN_POINT ( 'NONE',  ( -1.055000000000000200, 0.05000000000000001000, -1.323000000000000800 ) ) ;
#41 = CARTESIAN_POINT ( 'NONE',  ( 1.043342308546124900, 0.1440000000000000700, 0.6609999999999978100 ) ) ;
#42 = ORIENTED_EDGE ( 'NONE', *, *, #2551, .T. ) ;
#43 = EDGE_LOOP ( 'NONE', ( #964, #1376, #1669, #1863 ) ) ;
#44 = ORIENTED_EDGE ( 'NONE', *, *, #2790, .F. ) ;
#45 = CARTESIAN_POINT ( 'NONE',  ( -0.9800000000000002000, 0.05000000000000001000, -1.373000000000000900 ) ) ;
#46 = EDGE_CURVE ( 'NONE', #1815, #2378, #2086, .T. ) ;
#47 = CIRCLE ( 'NONE', #2512, 0.05000000000000001000 ) ;
#48 = DIRECTION ( 'NONE',  ( -0.0000000000000000000, 1.000000000000000000, -0.0000000000000000000 ) ) ;
#49 = EDGE_CURVE ( 'NONE', #782, #1094, #2588, .T. ) ;
#50 = DIRECTION ( 'NONE',  ( 0.0000000000000000000, -1.000000000000000000, 0.0000000000000000000 ) ) ;
#51 = EDGE_LOOP ( 'NONE', ( #1531, #960, #2527, #1845 ) ) ;
#52 = DIRECTION ( 'NONE',  ( -0.0000000000000000000, -1.000000000000000000, -0.0000000000000000000 ) ) ;
#53 = CARTESIAN_POINT ( 'NONE',  ( -1.043342308546124900, 0.08150000000000000300, -0.1175000000000006900 ) ) ;
#54 = CARTESIAN_POINT ( 'NONE',  ( 1.054999999999999700, 0.05649999999999911300, -1.373000000000000900 ) ) ;
#55 = ORIENTED_EDGE ( 'NONE', *, *, #2019, .F. ) ;
#56 = VECTOR ( 'NONE', #791, 39.37007874015748100 ) ;
#57 = ADVANCED_FACE ( 'NONE', ( #1368 ), #191, .F. ) ;
#58 = EDGE_CURVE ( 'NONE', #559, #1128, #606, .T. ) ;
#59 = DIRECTION ( 'NONE',  ( -1.000000000000000000, 0.0000000000000000000, 0.0000000000000000000 ) ) ;
#60 = LINE ( 'NONE', #1548, #393 ) ;
#61 = CARTESIAN_POINT ( 'NONE',  ( -1.024999999999996800, 0.1440000000000000700, 0.1174999999999992600 ) ) ;
#62 = CARTESIAN_POINT ( 'NONE',  ( 1.043342308546124900, 0.1440000000000000700, 0.09499999999999758600 ) ) ;
#63 = LINE ( 'NONE', #2227, #2615 ) ;
#64 = DIRECTION ( 'NONE',  ( -0.4226182617407038800, -0.9063077870366478300, 0.0000000000000000000 ) ) ;
#65 = FACE_OUTER_BOUND ( 'NONE', #1510, .T. ) ;
#66 = AXIS2_PLACEMENT_3D ( 'NONE', #779, #2321, #112 ) ;
#67 = CIRCLE ( 'NONE', #2186, 0.06250000000000001400 ) ;
#68 = DIRECTION ( 'NONE',  ( 0.0000000000000000000, 0.0000000000000000000, 1.000000000000000000 ) ) ;
#69 = PRESENTATION_STYLE_ASSIGNMENT (( #2414 ) ) ;
#70 = LINE ( 'NONE', #1888, #2012 ) ;
#71 = CARTESIAN_POINT ( 'NONE',  ( 1.024999999999996800, 0.1440000000000000700, -0.9694999999999997000 ) ) ;
#72 = ADVANCED_FACE ( 'NONE', ( #1190 ), #2258, .T. ) ;
#73 = ORIENTED_EDGE ( 'NONE', *, *, #510, .T. ) ;
#74 = ORIENTED_EDGE ( 'NONE', *, *, #1732, .F. ) ;
#75 = EDGE_CURVE ( 'NONE', #1564, #1237, #2151, .T. ) ;
#76 = VERTEX_POINT ( 'NONE', #62 ) ;
#77 = ORIENTED_EDGE ( 'NONE', *, *, #49, .F. ) ;
#78 = ORIENTED_EDGE ( 'NONE', *, *, #2725, .F. ) ;
#79 = VECTOR ( 'NONE', #985, 39.37007874015748100 ) ;
#80 = CARTESIAN_POINT ( 'NONE',  ( 0.8725000000000000500, 0.08000000000000002900, 1.046500000000000000 ) ) ;
#81 = ORIENTED_EDGE ( 'NONE', *, *, #1378, .F. ) ;
#82 = AXIS2_PLACEMENT_3D ( 'NONE', #2787, #1514, #2565 ) ;
#83 = DIRECTION ( 'NONE',  ( -1.000000000000000000, 0.0000000000000000000, 9.948463196155365400E-017 ) ) ;
#84 = DIRECTION ( 'NONE',  ( 0.0000000000000000000, 0.0000000000000000000, -1.000000000000000000 ) ) ;
#85 = CYLINDRICAL_SURFACE ( 'NONE', #1387, 0.06250000000000001400 ) ;
#86 = VECTOR ( 'NONE', #1727, 39.37007874015748100 ) ;
#87 = CARTESIAN_POINT ( 'NONE',  ( 1.024999999999996800, 0.2064999999999999600, 1.323000000000000200 ) ) ;
#88 = FACE_OUTER_BOUND ( 'NONE', #1620, .T. ) ;
#89 = ORIENTED_EDGE ( 'NONE', *, *, #680, .T. ) ;
#90 = LINE ( 'NONE', #2650, #1532 ) ;
#91 = DIRECTION ( 'NONE',  ( 0.0000000000000000000, 1.000000000000000000, 0.0000000000000000000 ) ) ;
#92 = AXIS2_PLACEMENT_3D ( 'NONE', #2129, #1465, #188 ) ;
#93 = ADVANCED_FACE ( 'NONE', ( #1087 ), #2792, .T. ) ;
#94 = VERTEX_POINT ( 'NONE', #2223 ) ;
#95 = LINE ( 'NONE', #2147, #1152 ) ;
#96 = CARTESIAN_POINT ( 'NONE',  ( 1.054999999999999900, 0.05650000000000001500, 0.7234999999999978100 ) ) ;
#97 = VECTOR ( 'NONE', #50, 39.37007874015748100 ) ;
#98 = AXIS2_PLACEMENT_3D ( 'NONE', #425, #1259, #1496 ) ;
#99 = ORIENTED_EDGE ( 'NONE', *, *, #2063, .F. ) ;
#100 = DIRECTION ( 'NONE',  ( -0.4226182617406969400, -0.9063077870366510500, 0.0000000000000000000 ) ) ;
#101 = CYLINDRICAL_SURFACE ( 'NONE', #1658, 0.06249999999999995100 ) ;
#102 = DIRECTION ( 'NONE',  ( 0.4226182617407044900, -0.9063077870366476100, 0.0000000000000000000 ) ) ;
#103 = VERTEX_POINT ( 'NONE', #1170 ) ;
#104 = ORIENTED_EDGE ( 'NONE', *, *, #1719, .F. ) ;
#105 = PLANE ( 'NONE',  #29 ) ;
#106 = ORIENTED_EDGE ( 'NONE', *, *, #2755, .F. ) ;
#107 = AXIS2_PLACEMENT_3D ( 'NONE', #1077, #2370, #1488 ) ;
#108 = EDGE_LOOP ( 'NONE', ( #2366, #682, #1929, #217, #1945 ) ) ;
#109 = VERTEX_POINT ( 'NONE', #2206 ) ;
#110 = CARTESIAN_POINT ( 'NONE',  ( -0.8725000000000001600, 0.2100000000000000200, 1.117499999999999900 ) ) ;
#111 = VERTEX_POINT ( 'NONE', #1993 ) ;
#112 = DIRECTION ( 'NONE',  ( 0.0000000000000000000, 0.0000000000000000000, -1.000000000000000000 ) ) ;
#113 = ADVANCED_FACE ( 'NONE', ( #1294 ), #2115, .F. ) ;
#114 = CARTESIAN_POINT ( 'NONE',  ( 1.054999999999999700, 0.2315000000000002600, -1.373000000000000900 ) ) ;
#115 = DIRECTION ( 'NONE',  ( 0.0000000000000000000, 0.0000000000000000000, 1.000000000000000000 ) ) ;
#116 = ORIENTED_EDGE ( 'NONE', *, *, #2060, .T. ) ;
#117 = AXIS2_PLACEMENT_3D ( 'NONE', #1703, #1225, #1926 ) ;
#118 = DIRECTION ( 'NONE',  ( 1.000000000000000000, 0.0000000000000000000, 0.0000000000000000000 ) ) ;
#119 = ORIENTED_EDGE ( 'NONE', *, *, #2766, .T. ) ;
#120 = VECTOR ( 'NONE', #1796, 39.37007874015748100 ) ;
#121 = CARTESIAN_POINT ( 'NONE',  ( -0.8725000000000001600, 0.2100000000000000200, -1.296000000000000000 ) ) ;
#122 = DIRECTION ( 'NONE',  ( -1.000000000000000000, -0.0000000000000000000, -0.0000000000000000000 ) ) ;
#123 = VERTEX_POINT ( 'NONE', #2738 ) ;
#124 = CIRCLE ( 'NONE', #2274, 0.05349999999999999200 ) ;
#125 = EDGE_CURVE ( 'NONE', #1668, #517, #2688, .T. ) ;
#126 = DIRECTION ( 'NONE',  ( 1.445621767152100100E-032, 1.000000000000000000, 1.453110634927782100E-016 ) ) ;
#127 = ORIENTED_EDGE ( 'NONE', *, *, #653, .F. ) ;
#128 = FACE_OUTER_BOUND ( 'NONE', #2398, .T. ) ;
#129 = CARTESIAN_POINT ( 'NONE',  ( 1.054999999999999700, 0.2314999999999999800, 0.1574999999999976700 ) ) ;
#130 = LINE ( 'NONE', #1291, #879 ) ;
#131 = CIRCLE ( 'NONE', #2815, 0.05349999999999999200 ) ;
#132 = AXIS2_PLACEMENT_3D ( 'NONE', #2170, #2612, #1529 ) ;
#133 = FACE_OUTER_BOUND ( 'NONE', #1981, .T. ) ;
#134 = EDGE_CURVE ( 'NONE', #109, #2395, #2758, .T. ) ;
#135 = DIRECTION ( 'NONE',  ( 1.000000000000000000, -0.0000000000000000000, -9.948463196155369100E-017 ) ) ;
#136 = VERTEX_POINT ( 'NONE', #1202 ) ;
#137 = ORIENTED_EDGE ( 'NONE', *, *, #482, .F. ) ;
#138 = ORIENTED_EDGE ( 'NONE', *, *, #2040, .F. ) ;
#139 = EDGE_LOOP ( 'NONE', ( #106, #2410, #1304, #1130 ) ) ;
#140 = ORIENTED_EDGE ( 'NONE', *, *, #2262, .T. ) ;
#141 = DIRECTION ( 'NONE',  ( -1.000000000000000000, 0.0000000000000000000, 9.948463196155365400E-017 ) ) ;
#142 = FACE_OUTER_BOUND ( 'NONE', #1231, .T. ) ;
#143 = CARTESIAN_POINT ( 'NONE',  ( -0.9799999999999999800, 0.05000000000000001000, 1.372999999999999300 ) ) ;
#144 = DIRECTION ( 'NONE',  ( -0.0000000000000000000, -1.000000000000000000, -0.0000000000000000000 ) ) ;
#145 = EDGE_CURVE ( 'NONE', #2611, #1694, #70, .T. ) ;
#146 = DIRECTION ( 'NONE',  ( 0.0000000000000000000, 1.000000000000000000, 0.0000000000000000000 ) ) ;
#147 = CARTESIAN_POINT ( 'NONE',  ( 1.004999999999999900, 0.0000000000000000000, 1.297999999999999200 ) ) ;
#148 = FACE_OUTER_BOUND ( 'NONE', #2156, .T. ) ;
#149 = AXIS2_PLACEMENT_3D ( 'NONE', #628, #1714, #2406 ) ;
#150 = CARTESIAN_POINT ( 'NONE',  ( 1.024999999999996800, 0.1440000000000000700, 0.7234999999999978100 ) ) ;
#151 = CARTESIAN_POINT ( 'NONE',  ( 0.9049999999999999200, 0.08150000000000000300, 0.9585000000000005700 ) ) ;
#152 = LINE ( 'NONE', #318, #1830 ) ;
#153 = AXIS2_PLACEMENT_3D ( 'NONE', #2798, #2360, #2159 ) ;
#154 = CARTESIAN_POINT ( 'NONE',  ( 0.0000000000000000000, 0.08000000000000002900, 0.0000000000000000000 ) ) ;
#155 = VERTEX_POINT ( 'NONE', #2761 ) ;
#156 = CIRCLE ( 'NONE', #1574, 0.08750000000000041100 ) ;
#157 = EDGE_CURVE ( 'NONE', #987, #2675, #711, .T. ) ;
#158 = CARTESIAN_POINT ( 'NONE',  ( 0.9049999999999998000, 0.2065000000000000200, -0.1735000000000019600 ) ) ;
#159 = CIRCLE ( 'NONE', #566, 0.1250000000000000300 ) ;
#160 = DIRECTION ( 'NONE',  ( 0.0000000000000000000, 0.0000000000000000000, -1.000000000000000000 ) ) ;
#161 = LINE ( 'NONE', #2278, #1906 ) ;
#162 = ORIENTED_EDGE ( 'NONE', *, *, #1419, .T. ) ;
#163 = CARTESIAN_POINT ( 'NONE',  ( -0.9050000000000000300, 0.1440000000000000700, 0.1174999999999992400 ) ) ;
#164 = EDGE_LOOP ( 'NONE', ( #1342, #2233 ) ) ;
#165 = AXIS2_PLACEMENT_3D ( 'NONE', #385, #2362, #1042 ) ;
#166 = ORIENTED_EDGE ( 'NONE', *, *, #876, .T. ) ;
#167 = ORIENTED_EDGE ( 'NONE', *, *, #547, .T. ) ;
#168 = DIRECTION ( 'NONE',  ( 0.0000000000000000000, 0.0000000000000000000, 1.000000000000000000 ) ) ;
#169 = VERTEX_POINT ( 'NONE', #121 ) ;
#170 = EDGE_LOOP ( 'NONE', ( #1984, #1542, #460, #1408 ) ) ;
#171 = CARTESIAN_POINT ( 'NONE',  ( -1.043342308546124900, 0.1440000000000000700, 0.1174999999999992600 ) ) ;
#172 = AXIS2_PLACEMENT_3D ( 'NONE', #71, #699, #268 ) ;
#173 = CARTESIAN_POINT ( 'NONE',  ( 1.043342308546125100, 0.1440000000000000200, 0.9585000000000005700 ) ) ;
#174 = ORIENTED_EDGE ( 'NONE', *, *, #410, .F. ) ;
#175 = CIRCLE ( 'NONE', #908, 0.06250000000000001400 ) ;
#176 = DIRECTION ( 'NONE',  ( 0.0000000000000000000, 1.000000000000000000, 0.0000000000000000000 ) ) ;
#177 = DIRECTION ( 'NONE',  ( 1.000000000000000000, -0.0000000000000000000, -9.948463196155369100E-017 ) ) ;
#178 = EDGE_CURVE ( 'NONE', #516, #832, #1775, .T. ) ;
#179 = VERTEX_POINT ( 'NONE', #2524 ) ;
#180 = CARTESIAN_POINT ( 'NONE',  ( 0.9799999999999999800, 0.2700000000000000200, 1.297999999999999200 ) ) ;
#181 = CARTESIAN_POINT ( 'NONE',  ( -0.9800000000000002000, 0.05000000000000000300, -1.323000000000000800 ) ) ;
#182 = EDGE_LOOP ( 'NONE', ( #962, #1899, #993, #281 ) ) ;
#183 = CARTESIAN_POINT ( 'NONE',  ( -0.9800000000000002000, 0.0000000000000000000, -1.323000000000000800 ) ) ;
#184 = DIRECTION ( 'NONE',  ( 1.000000000000000000, 0.0000000000000000000, 0.0000000000000000000 ) ) ;
#185 = PLANE ( 'NONE',  #149 ) ;
#186 = ORIENTED_EDGE ( 'NONE', *, *, #494, .T. ) ;
#187 = EDGE_CURVE ( 'NONE', #646, #1502, #1875, .T. ) ;
#188 = DIRECTION ( 'NONE',  ( 0.0000000000000000000, -0.0000000000000000000, 1.000000000000000000 ) ) ;
#189 = ORIENTED_EDGE ( 'NONE', *, *, #58, .F. ) ;
#190 = EDGE_CURVE ( 'NONE', #736, #1123, #1433, .T. ) ;
#191 = PLANE ( 'NONE',  #1757 ) ;
#192 = CIRCLE ( 'NONE', #1031, 0.1250000000000000300 ) ;
#193 = DIRECTION ( 'NONE',  ( -0.0000000000000000000, 1.000000000000000000, -0.0000000000000000000 ) ) ;
#194 = EDGE_LOOP ( 'NONE', ( #1506, #1369, #1228, #1473 ) ) ;
#195 = LINE ( 'NONE', #1179, #402 ) ;
#196 = DIRECTION ( 'NONE',  ( 0.9063077870366502700, -0.4226182617406988900, 1.952966960285190500E-018 ) ) ;
#197 = PRODUCT_DEFINITION ( 'UNKNOWN', '', #2155, #1559 ) ;
#198 = CYLINDRICAL_SURFACE ( 'NONE', #936, 0.1250000000000000300 ) ;
#199 = DIRECTION ( 'NONE',  ( 0.0000000000000000000, 0.0000000000000000000, 1.000000000000000000 ) ) ;
#200 = VECTOR ( 'NONE', #1315, 39.37007874015748100 ) ;
#201 = EDGE_CURVE ( 'NONE', #204, #2169, #2724, .T. ) ;
#202 = CARTESIAN_POINT ( 'NONE',  ( -1.024999999999996800, 0.2065000000000002400, 1.323000000000000200 ) ) ;
#203 = CIRCLE ( 'NONE', #1321, 0.05000000000000001000 ) ;
#204 = VERTEX_POINT ( 'NONE', #2071 ) ;
#205 = ORIENTED_EDGE ( 'NONE', *, *, #1182, .F. ) ;
#206 = EDGE_LOOP ( 'NONE', ( #1261, #2161, #2261, #925 ) ) ;
#207 = EDGE_LOOP ( 'NONE', ( #590, #2172 ) ) ;
#208 = EDGE_CURVE ( 'NONE', #1373, #2509, #1941, .T. ) ;
#209 = CARTESIAN_POINT ( 'NONE',  ( -1.024999999999996800, 0.2065000000000000400, -0.1175000000000006900 ) ) ;
#210 = DIRECTION ( 'NONE',  ( 1.000000000000000000, 0.0000000000000000000, 0.0000000000000000000 ) ) ;
#211 = AXIS2_PLACEMENT_3D ( 'NONE', #2132, #804, #2791 ) ;
#212 = VERTEX_POINT ( 'NONE', #1632 ) ;
#213 = DIRECTION ( 'NONE',  ( -1.000000000000000000, 0.0000000000000000000, 9.948463196155365400E-017 ) ) ;
#214 = AXIS2_PLACEMENT_3D ( 'NONE', #2176, #468, #233 ) ;
#215 = DIRECTION ( 'NONE',  ( -0.9063077870366502700, 0.4226182617406988900, 1.515748057022416000E-016 ) ) ;
#216 = DIRECTION ( 'NONE',  ( 0.0000000000000000000, 1.000000000000000000, 0.0000000000000000000 ) ) ;
#217 = ORIENTED_EDGE ( 'NONE', *, *, #58, .T. ) ;
#218 = CARTESIAN_POINT ( 'NONE',  ( 1.054999999999999700, 0.05650000000000005700, 0.3925000000000004000 ) ) ;
#219 = EDGE_CURVE ( 'NONE', #2509, #550, #1501, .T. ) ;
#220 = PLANE ( 'NONE',  #2095 ) ;
#221 = DIRECTION ( 'NONE',  ( 1.000000000000000000, 0.0000000000000000000, 0.0000000000000000000 ) ) ;
#222 = ORIENTED_EDGE ( 'NONE', *, *, #486, .F. ) ;
#223 = CIRCLE ( 'NONE', #1268, 0.08749999999999981400 ) ;
#224 = VECTOR ( 'NONE', #2070, 39.37007874015748100 ) ;
#225 = CARTESIAN_POINT ( 'NONE',  ( 1.054999999999999700, 0.2700000000000000200, -1.373000000000000900 ) ) ;
#226 = EDGE_CURVE ( 'NONE', #2491, #749, #479, .T. ) ;
#227 = CIRCLE ( 'NONE', #2027, 0.07499999999999988600 ) ;
#228 = CARTESIAN_POINT ( 'NONE',  ( -1.055000000000000200, 0.2700000000000000200, -1.298000000000000900 ) ) ;
#229 = ORIENTED_EDGE ( 'NONE', *, *, #2404, .T. ) ;
#230 = LINE ( 'NONE', #2804, #1363 ) ;
#231 = CARTESIAN_POINT ( 'NONE',  ( 0.8724999999999999400, 0.2100000000000000200, -1.046500000000000000 ) ) ;
#232 = VECTOR ( 'NONE', #2499, 39.37007874015748100 ) ;
#233 = DIRECTION ( 'NONE',  ( 0.0000000000000000000, 0.0000000000000000000, -1.000000000000000000 ) ) ;
#234 = CYLINDRICAL_SURFACE ( 'NONE', #1800, 0.05349999999999999200 ) ;
#235 = ORIENTED_EDGE ( 'NONE', *, *, #293, .T. ) ;
#236 = CARTESIAN_POINT ( 'NONE',  ( 0.9799999999999997600, 0.2700000000000000200, -1.298000000000000900 ) ) ;
#237 = VERTEX_POINT ( 'NONE', #1642 ) ;
#238 = DIRECTION ( 'NONE',  ( 0.0000000000000000000, 0.0000000000000000000, 1.000000000000000000 ) ) ;
#239 = ORIENTED_EDGE ( 'NONE', *, *, #1761, .T. ) ;
#240 = ORIENTED_EDGE ( 'NONE', *, *, #1608, .T. ) ;
#241 = APPLICATION_CONTEXT ( 'automotive_design' ) ;
#242 = ORIENTED_EDGE ( 'NONE', *, *, #1205, .T. ) ;
#243 = AXIS2_PLACEMENT_3D ( 'NONE', #1310, #1872, #1862 ) ;
#244 = ORIENTED_EDGE ( 'NONE', *, *, #2177, .F. ) ;
#245 = EDGE_LOOP ( 'NONE', ( #344, #77 ) ) ;
#246 = ORIENTED_EDGE ( 'NONE', *, *, #729, .F. ) ;
#247 = EDGE_CURVE ( 'NONE', #2595, #987, #777, .T. ) ;
#248 = AXIS2_PLACEMENT_3D ( 'NONE', #1894, #1236, #1499 ) ;
#249 = DIRECTION ( 'NONE',  ( 0.4226182617406897300, 0.0000000000000000000, -0.9063077870366544900 ) ) ;
#250 = DIRECTION ( 'NONE',  ( -1.000000000000000000, 0.0000000000000000000, 9.948463196155365400E-017 ) ) ;
#251 = CARTESIAN_POINT ( 'NONE',  ( 0.8724999999999999400, 0.08000000000000002900, -1.171500000000000000 ) ) ;
#252 = ORIENTED_EDGE ( 'NONE', *, *, #1119, .F. ) ;
#253 = ADVANCED_FACE ( 'NONE', ( #1251 ), #812, .T. ) ;
#254 = CARTESIAN_POINT ( 'NONE',  ( 1.024999999999996800, 0.2064999999999997400, 1.323000000000000200 ) ) ;
#255 = EDGE_CURVE ( 'NONE', #155, #1748, #2462, .T. ) ;
#256 = DIRECTION ( 'NONE',  ( 0.0000000000000000000, 0.0000000000000000000, 1.000000000000000000 ) ) ;
#257 = DIRECTION ( 'NONE',  ( 0.0000000000000000000, 0.0000000000000000000, 1.000000000000000000 ) ) ;
#258 = ORIENTED_EDGE ( 'NONE', *, *, #187, .F. ) ;
#259 = FACE_OUTER_BOUND ( 'NONE', #2449, .T. ) ;
#260 = VECTOR ( 'NONE', #905, 39.37007874015748100 ) ;
#261 = ADVANCED_FACE ( 'NONE', ( #37 ), #2327, .F. ) ;
#262 = VECTOR ( 'NONE', #1723, 39.37007874015748100 ) ;
#263 = AXIS2_PLACEMENT_3D ( 'NONE', #1717, #622, #1515 ) ;
#264 = EDGE_LOOP ( 'NONE', ( #954, #189, #2578, #5 ) ) ;
#265 = LINE ( 'NONE', #2715, #1426 ) ;
#266 = CARTESIAN_POINT ( 'NONE',  ( -1.043342308546124900, 0.1440000000000000200, -0.1175000000000006900 ) ) ;
#267 = TOROIDAL_SURFACE ( 'NONE', #2600, 0.02499999999999999100, 0.05000000000000000300 ) ;
#268 = DIRECTION ( 'NONE',  ( 0.0000000000000000000, 0.0000000000000000000, -1.000000000000000000 ) ) ;
#269 = CARTESIAN_POINT ( 'NONE',  ( -1.024999999999996800, 0.2700000000000000200, -1.323000000000000200 ) ) ;
#270 = AXIS2_PLACEMENT_3D ( 'NONE', #1187, #2273, #330 ) ;
#271 = ADVANCED_FACE ( 'NONE', ( #1122 ), #101, .F. ) ;
#272 = FACE_OUTER_BOUND ( 'NONE', #1071, .T. ) ;
#273 = DIRECTION ( 'NONE',  ( -0.0000000000000000000, -1.000000000000000000, -0.0000000000000000000 ) ) ;
#274 = VECTOR ( 'NONE', #320, 39.37007874015748100 ) ;
#275 = EDGE_CURVE ( 'NONE', #179, #1880, #1704, .T. ) ;
#276 = VERTEX_POINT ( 'NONE', #1674 ) ;
#277 = ORIENTED_EDGE ( 'NONE', *, *, #600, .F. ) ;
#278 = ORIENTED_EDGE ( 'NONE', *, *, #2220, .F. ) ;
#279 = PLANE ( 'NONE',  #1406 ) ;
#280 = ORIENTED_EDGE ( 'NONE', *, *, #1135, .T. ) ;
#281 = ORIENTED_EDGE ( 'NONE', *, *, #1817, .F. ) ;
#282 = CARTESIAN_POINT ( 'NONE',  ( 1.024999999999996800, 0.08000000000000002900, -1.323000000000000200 ) ) ;
#283 = AXIS2_PLACEMENT_3D ( 'NONE', #2457, #1148, #2667 ) ;
#284 = VECTOR ( 'NONE', #1660, 39.37007874015748100 ) ;
#285 = CARTESIAN_POINT ( 'NONE',  ( -1.043342308546124900, 0.1440000000000000700, 0.1174999999999992600 ) ) ;
#286 = EDGE_CURVE ( 'NONE', #1349, #1884, #413, .T. ) ;
#287 = DIRECTION ( 'NONE',  ( 0.0000000000000000000, 0.0000000000000000000, -1.000000000000000000 ) ) ;
#288 = ORIENTED_EDGE ( 'NONE', *, *, #2808, .T. ) ;
#289 = DIRECTION ( 'NONE',  ( 0.0000000000000000000, 5.463695987328525600E-015, 1.000000000000000000 ) ) ;
#290 = DIRECTION ( 'NONE',  ( 1.000000000000000000, -0.0000000000000000000, -9.948463196155369100E-017 ) ) ;
#291 = DIRECTION ( 'NONE',  ( 1.000000000000000000, -0.0000000000000000000, -9.948463196155370300E-017 ) ) ;
#292 = EDGE_LOOP ( 'NONE', ( #420, #1747, #1341, #2684 ) ) ;
#293 = EDGE_CURVE ( 'NONE', #442, #1164, #1629, .T. ) ;
#294 = DIRECTION ( 'NONE',  ( 0.0000000000000000000, 0.0000000000000000000, -1.000000000000000000 ) ) ;
#295 = CIRCLE ( 'NONE', #172, 0.06249999999999995100 ) ;
#296 = EDGE_CURVE ( 'NONE', #1625, #918, #1593, .T. ) ;
#297 = ADVANCED_FACE ( 'NONE', ( #1840 ), #1155, .F. ) ;
#298 = ORIENTED_EDGE ( 'NONE', *, *, #446, .T. ) ;
#299 = VECTOR ( 'NONE', #2573, 39.37007874015748100 ) ;
#300 = AXIS2_PLACEMENT_3D ( 'NONE', #485, #1573, #1129 ) ;
#301 = FACE_OUTER_BOUND ( 'NONE', #2121, .T. ) ;
#302 = CYLINDRICAL_SURFACE ( 'NONE', #1400, 0.05000000000000001000 ) ;
#303 = CARTESIAN_POINT ( 'NONE',  ( 0.8724999999999999400, 0.2100000000000000200, -1.171500000000000000 ) ) ;
#304 = AXIS2_PLACEMENT_3D ( 'NONE', #151, #1897, #2772 ) ;
#305 = EDGE_LOOP ( 'NONE', ( #186, #714, #81, #2263 ) ) ;
#306 = ORIENTED_EDGE ( 'NONE', *, *, #1563, .F. ) ;
#307 = ORIENTED_EDGE ( 'NONE', *, *, #2240, .T. ) ;
#308 = DIRECTION ( 'NONE',  ( 1.000000000000000000, -0.0000000000000000000, -9.948463196155370300E-017 ) ) ;
#309 = EDGE_CURVE ( 'NONE', #2665, #204, #641, .T. ) ;
#310 = EDGE_LOOP ( 'NONE', ( #1197, #2562, #582, #2301 ) ) ;
#311 = ORIENTED_EDGE ( 'NONE', *, *, #2517, .F. ) ;
#312 = ORIENTED_EDGE ( 'NONE', *, *, #1647, .F. ) ;
#313 = VERTEX_POINT ( 'NONE', #2340 ) ;
#314 = CARTESIAN_POINT ( 'NONE',  ( 0.0000000000000000000, 0.0000000000000000000, -1.323000000000000800 ) ) ;
#315 = CARTESIAN_POINT ( 'NONE',  ( 1.043342308546124900, 0.1440000000000000700, 0.1574999999999976100 ) ) ;
#316 = DIRECTION ( 'NONE',  ( -1.000000000000000000, 0.0000000000000000000, 0.0000000000000000000 ) ) ;
#317 = DIRECTION ( 'NONE',  ( 0.0000000000000000000, 1.000000000000000000, 0.0000000000000000000 ) ) ;
#318 = CARTESIAN_POINT ( 'NONE',  ( -0.9050000000000000300, 0.2065000000000000400, -0.1175000000000007100 ) ) ;
#319 = ORIENTED_EDGE ( 'NONE', *, *, #1037, .T. ) ;
#320 = DIRECTION ( 'NONE',  ( 1.000000000000000000, -0.0000000000000000000, -9.948463196155370300E-017 ) ) ;
#321 = EDGE_CURVE ( 'NONE', #454, #2692, #1737, .T. ) ;
#322 = VERTEX_POINT ( 'NONE', #1260 ) ;
#323 = FACE_OUTER_BOUND ( 'NONE', #170, .T. ) ;
#324 = LINE ( 'NONE', #2823, #1552 ) ;
#325 = CIRCLE ( 'NONE', #739, 0.08749999999999992500 ) ;
#326 = LINE ( 'NONE', #2124, #1932 ) ;
#327 = DIRECTION ( 'NONE',  ( 0.0000000000000000000, 0.0000000000000000000, 1.000000000000000000 ) ) ;
#328 = ORIENTED_EDGE ( 'NONE', *, *, #347, .T. ) ;
#329 = LINE ( 'NONE', #959, #703 ) ;
#330 = DIRECTION ( 'NONE',  ( 0.0000000000000000000, 0.0000000000000000000, -1.000000000000000000 ) ) ;
#331 = DIRECTION ( 'NONE',  ( 0.4226182617406979400, 0.9063077870366504900, 0.0000000000000000000 ) ) ;
#332 = CARTESIAN_POINT ( 'NONE',  ( -1.024999999999996800, 0.1440000000000000700, 0.1174999999999992600 ) ) ;
#333 = EDGE_CURVE ( 'NONE', #2098, #179, #575, .T. ) ;
#334 = CARTESIAN_POINT ( 'NONE',  ( -0.8725000000000001600, 0.2100000000000000200, 1.171000000000000000 ) ) ;
#335 = LINE ( 'NONE', #2065, #1289 ) ;
#336 = CARTESIAN_POINT ( 'NONE',  ( 1.043342308546125300, 0.08150000000000000300, -0.7345000000000023700 ) ) ;
#337 = CIRCLE ( 'NONE', #1305, 0.1250000000000000300 ) ;
#338 = ADVANCED_FACE ( 'NONE', ( #1221, #2363 ), #2375, .T. ) ;
#339 = CIRCLE ( 'NONE', #945, 0.05349999999999999200 ) ;
#340 = FACE_OUTER_BOUND ( 'NONE', #2797, .T. ) ;
#341 = ORIENTED_EDGE ( 'NONE', *, *, #983, .T. ) ;
#342 = DIRECTION ( 'NONE',  ( 0.0000000000000000000, 1.000000000000000000, 0.0000000000000000000 ) ) ;
#343 = ORIENTED_EDGE ( 'NONE', *, *, #532, .F. ) ;
#344 = ORIENTED_EDGE ( 'NONE', *, *, #1035, .F. ) ;
#345 = ORIENTED_EDGE ( 'NONE', *, *, #1055, .F. ) ;
#346 = ORIENTED_EDGE ( 'NONE', *, *, #558, .T. ) ;
#347 = EDGE_CURVE ( 'NONE', #94, #1160, #161, .T. ) ;
#348 = DIRECTION ( 'NONE',  ( 0.0000000000000000000, 0.0000000000000000000, -1.000000000000000000 ) ) ;
#349 = VECTOR ( 'NONE', #2055, 39.37007874015748100 ) ;
#350 = AXIS2_PLACEMENT_3D ( 'NONE', #1750, #427, #1735 ) ;
#351 = DIRECTION ( 'NONE',  ( 0.0000000000000000000, 0.0000000000000000000, -1.000000000000000000 ) ) ;
#352 = CARTESIAN_POINT ( 'NONE',  ( -0.8725000000000001600, 0.2100000000000000200, -1.171000000000000000 ) ) ;
#353 = ADVANCED_FACE ( 'NONE', ( #2719 ), #234, .F. ) ;
#354 = EDGE_CURVE ( 'NONE', #736, #987, #1402, .T. ) ;
#355 = ORIENTED_EDGE ( 'NONE', *, *, #2249, .T. ) ;
#356 = AXIS2_PLACEMENT_3D ( 'NONE', #2276, #1828, #2049 ) ;
#357 = DIRECTION ( 'NONE',  ( -0.0000000000000000000, 1.000000000000000000, -0.0000000000000000000 ) ) ;
#358 = CARTESIAN_POINT ( 'NONE',  ( 1.043342308546124900, 0.2065000000000000400, 0.3925000000000004000 ) ) ;
#359 = DIRECTION ( 'NONE',  ( -0.0000000000000000000, 1.000000000000000000, -0.0000000000000000000 ) ) ;
#360 = EDGE_LOOP ( 'NONE', ( #921, #1242, #2495, #2522 ) ) ;
#361 = LINE ( 'NONE', #10, #1354 ) ;
#362 = AXIS2_PLACEMENT_3D ( 'NONE', #1020, #135, #806 ) ;
#363 = CARTESIAN_POINT ( 'NONE',  ( 1.043342308546125100, 0.2065000000000000400, 0.9585000000000005700 ) ) ;
#364 = FACE_BOUND ( 'NONE', #1248, .T. ) ;
#365 = VECTOR ( 'NONE', #1317, 39.37007874015748100 ) ;
#366 = EDGE_CURVE ( 'NONE', #2059, #123, #1700, .T. ) ;
#367 = CARTESIAN_POINT ( 'NONE',  ( -0.8725000000000001600, 0.09000000000000001100, -1.171000000000000000 ) ) ;
#368 = FACE_OUTER_BOUND ( 'NONE', #1056, .T. ) ;
#369 = VERTEX_POINT ( 'NONE', #282 ) ;
#370 = LINE ( 'NONE', #1739, #1589 ) ;
#371 = CYLINDRICAL_SURFACE ( 'NONE', #1470, 0.06249999999999995100 ) ;
#372 = CARTESIAN_POINT ( 'NONE',  ( 1.043342308546124900, 0.08150000000000000300, 0.3925000000000004000 ) ) ;
#373 = DIRECTION ( 'NONE',  ( -0.0000000000000000000, 1.000000000000000000, -0.0000000000000000000 ) ) ;
#374 = AXIS2_PLACEMENT_3D ( 'NONE', #1677, #1084, #2822 ) ;
#375 = CIRCLE ( 'NONE', #2387, 0.1250000000000000300 ) ;
#376 = EDGE_CURVE ( 'NONE', #2350, #2016, #337, .T. ) ;
#377 = ORIENTED_EDGE ( 'NONE', *, *, #933, .T. ) ;
#378 = DIRECTION ( 'NONE',  ( 1.445621767152133500E-032, 1.000000000000000000, 1.453110634927815900E-016 ) ) ;
#379 = CARTESIAN_POINT ( 'NONE',  ( -0.9050000000000000300, 0.1440000000000000200, -0.1175000000000007100 ) ) ;
#380 = ORIENTED_EDGE ( 'NONE', *, *, #780, .F. ) ;
#381 = AXIS2_PLACEMENT_3D ( 'NONE', #2195, #1530, #2593 ) ;
#382 = ORIENTED_EDGE ( 'NONE', *, *, #780, .T. ) ;
#383 = EDGE_LOOP ( 'NONE', ( #1090, #2077, #793, #2753 ) ) ;
#384 = CARTESIAN_POINT ( 'NONE',  ( -0.8725000000000001600, 0.2100000000000000200, 1.171000000000000000 ) ) ;
#385 = CARTESIAN_POINT ( 'NONE',  ( 1.043342308546125300, 0.1440000000000000200, -0.7345000000000023700 ) ) ;
#386 = PLANE ( 'NONE',  #248 ) ;
#387 = ADVANCED_FACE ( 'NONE', ( #36 ), #1838, .T. ) ;
#388 = SHAPE_DEFINITION_REPRESENTATION ( #1645, #1898 ) ;
#389 = AXIS2_PLACEMENT_3D ( 'NONE', #1318, #1728, #1520 ) ;
#390 = AXIS2_PLACEMENT_3D ( 'NONE', #2647, #1111, #1343 ) ;
#391 = CARTESIAN_POINT ( 'NONE',  ( 1.024999999999996800, 0.08150000000000000300, 0.9585000000000005700 ) ) ;
#392 = VERTEX_POINT ( 'NONE', #1370 ) ;
#393 = VECTOR ( 'NONE', #1314, 39.37007874015748100 ) ;
#394 = LINE ( 'NONE', #2164, #365 ) ;
#395 = DIRECTION ( 'NONE',  ( 9.948463196155366600E-017, -1.453110634927816200E-016, 1.000000000000000000 ) ) ;
#396 = AXIS2_PLACEMENT_3D ( 'NONE', #1679, #146, #781 ) ;
#397 = FACE_OUTER_BOUND ( 'NONE', #1697, .T. ) ;
#398 = ADVANCED_FACE ( 'NONE', ( #953 ), #2584, .F. ) ;
#399 = CARTESIAN_POINT ( 'NONE',  ( 1.024999999999996800, 0.1440000000000000200, -0.7345000000000023700 ) ) ;
#400 = CARTESIAN_POINT ( 'NONE',  ( -0.8725000000000001600, 0.2100000000000000200, -1.046000000000000000 ) ) ;
#401 = ORIENTED_EDGE ( 'NONE', *, *, #1218, .T. ) ;
#402 = VECTOR ( 'NONE', #2705, 39.37007874015748900 ) ;
#403 = EDGE_CURVE ( 'NONE', #2016, #2350, #375, .T. ) ;
#404 = DIRECTION ( 'NONE',  ( 1.000000000000000000, -0.0000000000000000000, -9.948463196155370300E-017 ) ) ;
#405 = ORIENTED_EDGE ( 'NONE', *, *, #2167, .T. ) ;
#406 = CIRCLE ( 'NONE', #1284, 0.08750000000000009200 ) ;
#407 = DIRECTION ( 'NONE',  ( 0.0000000000000000000, 0.0000000000000000000, 1.000000000000000000 ) ) ;
#408 = DIRECTION ( 'NONE',  ( 0.0000000000000000000, 2.179665952391724400E-016, -1.000000000000000000 ) ) ;
#409 = CYLINDRICAL_SURFACE ( 'NONE', #1927, 0.1250000000000000300 ) ;
#410 = EDGE_CURVE ( 'NONE', #1959, #1442, #1292, .T. ) ;
#411 = VECTOR ( 'NONE', #2182, 39.37007874015748100 ) ;
#412 = CARTESIAN_POINT ( 'NONE',  ( -1.054999999999999900, 0.2700000000000000200, 1.372999999999999300 ) ) ;
#413 = CIRCLE ( 'NONE', #675, 0.05349999999999999200 ) ;
#414 = AXIS2_PLACEMENT_3D ( 'NONE', #2112, #2097, #2103 ) ;
#415 = CARTESIAN_POINT ( 'NONE',  ( 1.024999999999996800, 0.1440000000000000700, 0.1574999999999976100 ) ) ;
#416 = ORIENTED_EDGE ( 'NONE', *, *, #2305, .F. ) ;
#417 = ORIENTED_EDGE ( 'NONE', *, *, #321, .F. ) ;
#418 = ORIENTED_EDGE ( 'NONE', *, *, #1761, .F. ) ;
#419 = CARTESIAN_POINT ( 'NONE',  ( -0.8725000000000001600, 0.09000000000000001100, -1.224499999999999900 ) ) ;
#420 = ORIENTED_EDGE ( 'NONE', *, *, #2381, .T. ) ;
#421 = AXIS2_PLACEMENT_3D ( 'NONE', #577, #1457, #2523 ) ;
#422 = ORIENTED_EDGE ( 'NONE', *, *, #1093, .F. ) ;
#423 = DIRECTION ( 'NONE',  ( -2.168432650728200100E-032, -1.000000000000000000, -2.179665952391724400E-016 ) ) ;
#424 = FACE_OUTER_BOUND ( 'NONE', #2238, .T. ) ;
#425 = CARTESIAN_POINT ( 'NONE',  ( 1.024999999999996800, 0.1440000000000000700, -0.4084999999999993600 ) ) ;
#426 = DIRECTION ( 'NONE',  ( -1.000000000000000000, -0.0000000000000000000, -0.0000000000000000000 ) ) ;
#427 = DIRECTION ( 'NONE',  ( 1.000000000000000000, 0.0000000000000000000, 0.0000000000000000000 ) ) ;
#428 = ORIENTED_EDGE ( 'NONE', *, *, #767, .T. ) ;
#429 = CARTESIAN_POINT ( 'NONE',  ( 1.054999999999999700, 0.1440000000000000200, 0.3925000000000004000 ) ) ;
#430 = AXIS2_PLACEMENT_3D ( 'NONE', #2698, #1585, #534 ) ;
#431 = ADVANCED_FACE ( 'NONE', ( #1247 ), #409, .T. ) ;
#432 = ORIENTED_EDGE ( 'NONE', *, *, #494, .F. ) ;
#433 = LINE ( 'NONE', #1787, #23 ) ;
#434 = EDGE_CURVE ( 'NONE', #2203, #481, #2654, .T. ) ;
#435 = DIRECTION ( 'NONE',  ( -9.948463196155365400E-017, 0.0000000000000000000, -1.000000000000000000 ) ) ;
#436 = CARTESIAN_POINT ( 'NONE',  ( 1.024999999999996800, 0.1440000000000000200, 0.3925000000000004000 ) ) ;
#437 = VECTOR ( 'NONE', #1140, 39.37007874015748100 ) ;
#438 = CARTESIAN_POINT ( 'NONE',  ( 1.024999999999996800, 0.08150000000000005900, 0.1574999999999977000 ) ) ;
#439 = DIRECTION ( 'NONE',  ( 0.0000000000000000000, 0.0000000000000000000, 1.000000000000000000 ) ) ;
#440 = CYLINDRICAL_SURFACE ( 'NONE', #694, 0.06249999999999995100 ) ;
#441 = CARTESIAN_POINT ( 'NONE',  ( -0.9050000000000000300, 0.08150000000000000300, -0.1175000000000007100 ) ) ;
#442 = VERTEX_POINT ( 'NONE', #519 ) ;
#443 = FACE_OUTER_BOUND ( 'NONE', #2559, .T. ) ;
#444 = DIRECTION ( 'NONE',  ( -9.948463196155366600E-017, 2.179665952391724400E-016, -1.000000000000000000 ) ) ;
#445 = LINE ( 'NONE', #2033, #2687 ) ;
#446 = EDGE_CURVE ( 'NONE', #155, #2093, #916, .T. ) ;
#447 = CARTESIAN_POINT ( 'NONE',  ( 0.8724999999999999400, 0.2100000000000000200, -1.171500000000000000 ) ) ;
#448 = DIRECTION ( 'NONE',  ( 0.0000000000000000000, 8.195543980992787700E-016, -1.000000000000000000 ) ) ;
#449 = VECTOR ( 'NONE', #2396, 39.37007874015748100 ) ;
#450 = ORIENTED_EDGE ( 'NONE', *, *, #2381, .F. ) ;
#451 = AXIS2_PLACEMENT_3D ( 'NONE', #1958, #649, #2183 ) ;
#452 = CARTESIAN_POINT ( 'NONE',  ( 0.9799999999999997600, 0.2700000000000000200, -1.373000000000000900 ) ) ;
#453 = ORIENTED_EDGE ( 'NONE', *, *, #2621, .F. ) ;
#454 = VERTEX_POINT ( 'NONE', #2713 ) ;
#455 = DIRECTION ( 'NONE',  ( 9.948463196155366600E-017, -1.453110634927815900E-016, 1.000000000000000000 ) ) ;
#456 = DIRECTION ( 'NONE',  ( 0.0000000000000000000, 0.0000000000000000000, 1.000000000000000000 ) ) ;
#457 = AXIS2_PLACEMENT_3D ( 'NONE', #1721, #2583, #1753 ) ;
#458 = ORIENTED_EDGE ( 'NONE', *, *, #1852, .T. ) ;
#459 = ORIENTED_EDGE ( 'NONE', *, *, #347, .F. ) ;
#460 = ORIENTED_EDGE ( 'NONE', *, *, #1607, .T. ) ;
#461 = CARTESIAN_POINT ( 'NONE',  ( -1.054999999999999900, 0.2700000000000000200, 1.372999999999999300 ) ) ;
#462 = DIRECTION ( 'NONE',  ( -0.0000000000000000000, 1.000000000000000000, -0.0000000000000000000 ) ) ;
#463 = EDGE_CURVE ( 'NONE', #517, #30, #2488, .T. ) ;
#464 = DIRECTION ( 'NONE',  ( 0.0000000000000000000, 0.0000000000000000000, 1.000000000000000000 ) ) ;
#465 = CARTESIAN_POINT ( 'NONE',  ( -0.9799999999999999800, 0.2700000000000000200, 1.297999999999999400 ) ) ;
#466 = AXIS2_PLACEMENT_3D ( 'NONE', #2316, #968, #2702 ) ;
#467 = ORIENTED_EDGE ( 'NONE', *, *, #2517, .T. ) ;
#468 = DIRECTION ( 'NONE',  ( 1.000000000000000000, 0.0000000000000000000, -9.948463196155365400E-017 ) ) ;
#469 = DIRECTION ( 'NONE',  ( -0.0000000000000000000, 1.000000000000000000, -0.0000000000000000000 ) ) ;
#470 = AXIS2_PLACEMENT_3D ( 'NONE', #1568, #2244, #1422 ) ;
#471 = ORIENTED_EDGE ( 'NONE', *, *, #2087, .F. ) ;
#472 = CYLINDRICAL_SURFACE ( 'NONE', #66, 0.1250000000000000300 ) ;
#473 = PRODUCT_CONTEXT ( 'NONE', #241, 'mechanical' ) ;
#474 = VECTOR ( 'NONE', #2693, 39.37007874015748900 ) ;
#475 = EDGE_CURVE ( 'NONE', #650, #1096, #1627, .T. ) ;
#476 = DIRECTION ( 'NONE',  ( 9.948463196155366600E-017, -0.0000000000000000000, 1.000000000000000000 ) ) ;
#477 = VECTOR ( 'NONE', #100, 39.37007874015748900 ) ;
#478 = DIRECTION ( 'NONE',  ( -1.000000000000000000, 0.0000000000000000000, 9.948463196155365400E-017 ) ) ;
#479 = LINE ( 'NONE', #2506, #917 ) ;
#480 =( NAMED_UNIT ( * ) PLANE_ANGLE_UNIT ( ) SI_UNIT ( $, .RADIAN. ) );
#481 = VERTEX_POINT ( 'NONE', #110 ) ;
#482 = EDGE_CURVE ( 'NONE', #815, #2665, #2391, .T. ) ;
#483 = VERTEX_POINT ( 'NONE', #2507 ) ;
#484 = ORIENTED_EDGE ( 'NONE', *, *, #1537, .F. ) ;
#485 = CARTESIAN_POINT ( 'NONE',  ( 1.024999999999996800, 0.1440000000000000200, -0.1735000000000019600 ) ) ;
#486 = EDGE_CURVE ( 'NONE', #1349, #1080, #2226, .T. ) ;
#487 = EDGE_LOOP ( 'NONE', ( #786, #608, #2284, #975 ) ) ;
#488 = CARTESIAN_POINT ( 'NONE',  ( -1.043342308546124900, 0.2065000000000000400, -0.1175000000000006900 ) ) ;
#489 = DIRECTION ( 'NONE',  ( -0.0000000000000000000, 1.000000000000000000, -0.0000000000000000000 ) ) ;
#490 = DIRECTION ( 'NONE',  ( 0.0000000000000000000, 0.0000000000000000000, -1.000000000000000000 ) ) ;
#491 = CARTESIAN_POINT ( 'NONE',  ( -0.8725000000000001600, 0.09000000000000001100, 1.117499999999999900 ) ) ;
#492 = CARTESIAN_POINT ( 'NONE',  ( -1.024999999999996800, 0.08000000000000002900, 1.323000000000000200 ) ) ;
#493 = ORIENTED_EDGE ( 'NONE', *, *, #1262, .T. ) ;
#494 = EDGE_CURVE ( 'NONE', #1372, #1160, #1536, .T. ) ;
#495 = DIRECTION ( 'NONE',  ( 0.0000000000000000000, 1.000000000000000000, 0.0000000000000000000 ) ) ;
#496 = CARTESIAN_POINT ( 'NONE',  ( 1.043342308546125100, 0.1440000000000000700, -1.031999999999999600 ) ) ;
#497 = ORIENTED_EDGE ( 'NONE', *, *, #434, .F. ) ;
#498 = PLANE ( 'NONE',  #734 ) ;
#499 = AXIS2_PLACEMENT_3D ( 'NONE', #821, #2572, #1713 ) ;
#500 = DIRECTION ( 'NONE',  ( 0.0000000000000000000, 0.0000000000000000000, -1.000000000000000000 ) ) ;
#501 = CYLINDRICAL_SURFACE ( 'NONE', #1915, 0.06249999999999995100 ) ;
#502 = VECTOR ( 'NONE', #469, 39.37007874015748100 ) ;
#503 = CARTESIAN_POINT ( 'NONE',  ( 0.9049999999999995800, 0.08150000000000000300, -0.7345000000000023700 ) ) ;
#504 = FACE_OUTER_BOUND ( 'NONE', #1947, .T. ) ;
#505 = CARTESIAN_POINT ( 'NONE',  ( -0.9799999999999999800, 0.0000000000000000000, 1.297999999999999400 ) ) ;
#506 = LINE ( 'NONE', #1050, #803 ) ;
#507 = AXIS2_PLACEMENT_3D ( 'NONE', #597, #1009, #1649 ) ;
#508 = CIRCLE ( 'NONE', #2211, 0.05349999999999999200 ) ;
#509 = VECTOR ( 'NONE', #753, 39.37007874015748100 ) ;
#510 = EDGE_CURVE ( 'NONE', #923, #1938, #131, .T. ) ;
#511 = CLOSED_SHELL ( 'NONE', ( #775, #2015, #261, #113, #2752, #1099, #2413, #1619, #271, #2658, #512, #2241, #861, #2668, #431, #2635, #1347, #1546, #2486, #2723, #1577, #1360, #1991, #868, #2209, #1313, #725, #681, #2165, #792, #927, #2073, #1743, #2465, #338, #2640, #1970, #353, #253, #1553, #34, #1124, #18, #939, #2269, #667, #620, #1388, #387, #1113, #2392, #1791, #1521, #93, #708, #526, #72, #900, #1151, #2603, #2145, #297, #1556, #2346, #2618, #398, #1751, #978, #654, #1481, #1795, #2031, #1196, #2682, #1822, #2324, #1769, #57, #581, #2000, #1246, #2818, #2440, #1086, #1590, #2450, #1377, #1475, #1756, #638, #955, #652, #13, #2281, #2224, #1210, #1896 ) ) ;
#512 = ADVANCED_FACE ( 'NONE', ( #1874 ), #1461, .F. ) ;
#513 = DIRECTION ( 'NONE',  ( -0.0000000000000000000, 1.000000000000000000, -0.0000000000000000000 ) ) ;
#514 = ORIENTED_EDGE ( 'NONE', *, *, #760, .F. ) ;
#515 = ORIENTED_EDGE ( 'NONE', *, *, #2808, .F. ) ;
#516 = VERTEX_POINT ( 'NONE', #2655 ) ;
#517 = VERTEX_POINT ( 'NONE', #41 ) ;
#518 = EDGE_LOOP ( 'NONE', ( #893, #2232, #2464, #246 ) ) ;
#519 = CARTESIAN_POINT ( 'NONE',  ( -1.024999999999996800, 0.08000000000000002900, -1.323000000000000200 ) ) ;
#520 = AXIS2_PLACEMENT_3D ( 'NONE', #2742, #1908, #2131 ) ;
#521 = LINE ( 'NONE', #1464, #1886 ) ;
#522 = CARTESIAN_POINT ( 'NONE',  ( 0.9049999999999995800, 0.08150000000000007200, -0.9694999999999997000 ) ) ;
#523 = CARTESIAN_POINT ( 'NONE',  ( 0.9799999999999999800, 0.2700000000000000200, 1.297999999999999200 ) ) ;
#524 = DIRECTION ( 'NONE',  ( 1.000000000000000000, 0.0000000000000000000, 0.0000000000000000000 ) ) ;
#525 = DIRECTION ( 'NONE',  ( 0.0000000000000000000, 0.0000000000000000000, 1.000000000000000000 ) ) ;
#526 = ADVANCED_FACE ( 'NONE', ( #2082 ), #302, .T. ) ;
#527 = ORIENTED_EDGE ( 'NONE', *, *, #1024, .F. ) ;
#528 = DIRECTION ( 'NONE',  ( 0.0000000000000000000, 0.0000000000000000000, 1.000000000000000000 ) ) ;
#529 = VECTOR ( 'NONE', #1308, 39.37007874015748100 ) ;
#530 = VECTOR ( 'NONE', #1250, 39.37007874015748100 ) ;
#531 = DIRECTION ( 'NONE',  ( 0.0000000000000000000, 0.0000000000000000000, -1.000000000000000000 ) ) ;
#532 = EDGE_CURVE ( 'NONE', #2202, #1252, #808, .T. ) ;
#533 = LINE ( 'NONE', #2580, #665 ) ;
#534 = DIRECTION ( 'NONE',  ( 0.0000000000000000000, 0.0000000000000000000, -1.000000000000000000 ) ) ;
#535 = EDGE_CURVE ( 'NONE', #322, #1324, #886, .T. ) ;
#536 = DIRECTION ( 'NONE',  ( 0.0000000000000000000, 8.195543980992787700E-016, -1.000000000000000000 ) ) ;
#537 = ORIENTED_EDGE ( 'NONE', *, *, #1427, .F. ) ;
#538 = VECTOR ( 'NONE', #144, 39.37007874015748100 ) ;
#539 = CIRCLE ( 'NONE', #957, 0.06249999999999995100 ) ;
#540 = CARTESIAN_POINT ( 'NONE',  ( 1.043342308546125100, 0.1440000000000000700, -0.9694999999999997000 ) ) ;
#541 = CIRCLE ( 'NONE', #2763, 0.05000000000000001000 ) ;
#542 = DIRECTION ( 'NONE',  ( 0.0000000000000000000, 8.195543980992787700E-016, 1.000000000000000000 ) ) ;
#543 = DIRECTION ( 'NONE',  ( 0.0000000000000000000, -1.453110634927782600E-016, 1.000000000000000000 ) ) ;
#544 = DIRECTION ( 'NONE',  ( 0.0000000000000000000, 1.000000000000000000, 0.0000000000000000000 ) ) ;
#545 = AXIS2_PLACEMENT_3D ( 'NONE', #2606, #1048, #2393 ) ;
#546 = CARTESIAN_POINT ( 'NONE',  ( 0.8724999999999999400, 0.09000000000000001100, -1.171500000000000000 ) ) ;
#547 = EDGE_CURVE ( 'NONE', #2093, #2092, #2357, .T. ) ;
#548 = VERTEX_POINT ( 'NONE', #2666 ) ;
#549 = VERTEX_POINT ( 'NONE', #2672 ) ;
#550 = VERTEX_POINT ( 'NONE', #1348 ) ;
#551 = ORIENTED_EDGE ( 'NONE', *, *, #1852, .F. ) ;
#552 = CARTESIAN_POINT ( 'NONE',  ( -0.8725000000000001600, 0.2100000000000000200, 1.224499999999999900 ) ) ;
#553 = FACE_BOUND ( 'NONE', #579, .T. ) ;
#554 = DIRECTION ( 'NONE',  ( -1.000000000000000000, 0.0000000000000000000, 9.948463196155365400E-017 ) ) ;
#555 = AXIS2_PLACEMENT_3D ( 'NONE', #150, #826, #2337 ) ;
#556 = AXIS2_PLACEMENT_3D ( 'NONE', #1673, #342, #2108 ) ;
#557 = PLANE ( 'NONE',  #758 ) ;
#558 = EDGE_CURVE ( 'NONE', #2530, #1815, #2429, .T. ) ;
#559 = VERTEX_POINT ( 'NONE', #2023 ) ;
#560 = DIRECTION ( 'NONE',  ( 0.0000000000000000000, 1.000000000000000000, 0.0000000000000000000 ) ) ;
#561 = CARTESIAN_POINT ( 'NONE',  ( 1.043342308546124900, 0.08150000000000007200, 0.1574999999999976100 ) ) ;
#562 = LINE ( 'NONE', #2567, #2345 ) ;
#563 = EDGE_LOOP ( 'NONE', ( #2594, #22, #906, #2589, #240 ) ) ;
#564 = LINE ( 'NONE', #2306, #976 ) ;
#565 = SURFACE_SIDE_STYLE ('',( #2272 ) ) ;
#566 = AXIS2_PLACEMENT_3D ( 'NONE', #447, #2739, #2525 ) ;
#567 = ORIENTED_EDGE ( 'NONE', *, *, #741, .F. ) ;
#568 = VECTOR ( 'NONE', #273, 39.37007874015748100 ) ;
#569 = EDGE_CURVE ( 'NONE', #2332, #1948, #2519, .T. ) ;
#570 = PLANE ( 'NONE',  #414 ) ;
#571 = CIRCLE ( 'NONE', #11, 0.06249999999999995100 ) ;
#572 = DIRECTION ( 'NONE',  ( -0.0000000000000000000, 1.000000000000000000, -0.0000000000000000000 ) ) ;
#573 = PRESENTATION_LAYER_ASSIGNMENT (  '', '', ( #701 ) ) ;
#574 = CARTESIAN_POINT ( 'NONE',  ( -1.054999999999999900, 0.2700000000000000200, 1.297999999999999200 ) ) ;
#575 = LINE ( 'NONE', #400, #2657 ) ;
#576 = ORIENTED_EDGE ( 'NONE', *, *, #1167, .T. ) ;
#577 = CARTESIAN_POINT ( 'NONE',  ( 1.024999999999996800, 0.08000000000000002900, 1.323000000000000200 ) ) ;
#578 = DIRECTION ( 'NONE',  ( -0.0000000000000000000, 1.000000000000000000, -0.0000000000000000000 ) ) ;
#579 = EDGE_LOOP ( 'NONE', ( #2399, #1598 ) ) ;
#580 = EDGE_LOOP ( 'NONE', ( #762, #1599, #1911, #2322, #1462 ) ) ;
#581 = ADVANCED_FACE ( 'NONE', ( #982 ), #1121, .F. ) ;
#582 = ORIENTED_EDGE ( 'NONE', *, *, #1973, .F. ) ;
#583 = DIRECTION ( 'NONE',  ( 0.0000000000000000000, 0.0000000000000000000, 1.000000000000000000 ) ) ;
#584 = EDGE_LOOP ( 'NONE', ( #1069, #1002, #55, #1545 ) ) ;
#585 = ORIENTED_EDGE ( 'NONE', *, *, #2645, .F. ) ;
#586 = EDGE_CURVE ( 'NONE', #2631, #2123, #541, .T. ) ;
#587 = FACE_OUTER_BOUND ( 'NONE', #182, .T. ) ;
#588 =( LENGTH_UNIT ( ) NAMED_UNIT ( * ) SI_UNIT ( $, .METRE. ) );
#589 = CARTESIAN_POINT ( 'NONE',  ( 1.054999999999999900, 0.1440000000000000700, 0.6359999999999976800 ) ) ;
#590 = ORIENTED_EDGE ( 'NONE', *, *, #1262, .F. ) ;
#591 = AXIS2_PLACEMENT_3D ( 'NONE', #695, #1131, #2242 ) ;
#592 = CARTESIAN_POINT ( 'NONE',  ( 0.8725000000000000500, 0.09000000000000001100, 1.171500000000000000 ) ) ;
#593 = DIRECTION ( 'NONE',  ( 0.0000000000000000000, 0.0000000000000000000, -1.000000000000000000 ) ) ;
#594 = ORIENTED_EDGE ( 'NONE', *, *, #157, .F. ) ;
#595 = EDGE_CURVE ( 'NONE', #1764, #1804, #1560, .T. ) ;
#596 = ORIENTED_EDGE ( 'NONE', *, *, #2122, .T. ) ;
#597 = CARTESIAN_POINT ( 'NONE',  ( -0.8725000000000001600, 0.2100000000000000200, 1.171000000000000000 ) ) ;
#598 = ORIENTED_EDGE ( 'NONE', *, *, #286, .F. ) ;
#599 = TOROIDAL_SURFACE ( 'NONE', #2075, 0.02499999999999999100, 0.05000000000000000300 ) ;
#600 = EDGE_CURVE ( 'NONE', #313, #2202, #1771, .T. ) ;
#601 = CIRCLE ( 'NONE', #2245, 0.1250000000000000300 ) ;
#602 = DIRECTION ( 'NONE',  ( -0.0000000000000000000, 1.000000000000000000, -0.0000000000000000000 ) ) ;
#603 = FACE_OUTER_BOUND ( 'NONE', #518, .T. ) ;
#604 = CARTESIAN_POINT ( 'NONE',  ( -1.055000000000000200, 0.2315000000000005100, 0.1174999999999992000 ) ) ;
#605 = CARTESIAN_POINT ( 'NONE',  ( -1.024999999999996800, 0.1440000000000000700, 0.1799999999999992700 ) ) ;
#606 = CIRCLE ( 'NONE', #350, 0.06249999999999995100 ) ;
#607 = AXIS2_PLACEMENT_3D ( 'NONE', #592, #1716, #1040 ) ;
#608 = ORIENTED_EDGE ( 'NONE', *, *, #187, .T. ) ;
#609 = CARTESIAN_POINT ( 'NONE',  ( 1.043342308546125300, 0.2065000000000000400, -0.7345000000000023700 ) ) ;
#610 = VERTEX_POINT ( 'NONE', #218 ) ;
#611 = ORIENTED_EDGE ( 'NONE', *, *, #1037, .F. ) ;
#612 = ORIENTED_EDGE ( 'NONE', *, *, #2148, .T. ) ;
#613 = CARTESIAN_POINT ( 'NONE',  ( -1.024999999999996800, 0.08000000000000002900, -1.323000000000000200 ) ) ;
#614 = EDGE_CURVE ( 'NONE', #392, #2729, #1331, .T. ) ;
#615 = ORIENTED_EDGE ( 'NONE', *, *, #2390, .T. ) ;
#616 = CARTESIAN_POINT ( 'NONE',  ( -1.043342308546124900, 0.2065000000000000400, -0.1175000000000006900 ) ) ;
#617 = DIRECTION ( 'NONE',  ( 0.0000000000000000000, 1.000000000000000000, 0.0000000000000000000 ) ) ;
#618 = DIRECTION ( 'NONE',  ( 1.000000000000000000, 0.0000000000000000000, 0.0000000000000000000 ) ) ;
#619 = EDGE_CURVE ( 'NONE', #644, #646, #2460, .T. ) ;
#620 = ADVANCED_FACE ( 'NONE', ( #272 ), #1186, .T. ) ;
#621 = CARTESIAN_POINT ( 'NONE',  ( 1.054999999999999700, 0.1440000000000000700, 0.1574999999999976100 ) ) ;
#622 = DIRECTION ( 'NONE',  ( 1.000000000000000000, -2.731847993664262800E-015, 0.0000000000000000000 ) ) ;
#623 = DIRECTION ( 'NONE',  ( 0.0000000000000000000, 0.0000000000000000000, 1.000000000000000000 ) ) ;
#624 = DIRECTION ( 'NONE',  ( 0.4226182617406881700, -0.9063077870366551500, 0.0000000000000000000 ) ) ;
#625 = DIRECTION ( 'NONE',  ( -1.000000000000000000, 0.0000000000000000000, 0.0000000000000000000 ) ) ;
#626 = ORIENTED_EDGE ( 'NONE', *, *, #201, .F. ) ;
#627 = CIRCLE ( 'NONE', #829, 0.06250000000000001400 ) ;
#628 = CARTESIAN_POINT ( 'NONE',  ( 0.9049999999999998000, 0.2065000000000000400, 0.3925000000000004000 ) ) ;
#629 = VECTOR ( 'NONE', #462, 39.37007874015748100 ) ;
#630 = CARTESIAN_POINT ( 'NONE',  ( -0.8725000000000001600, 0.09000000000000001100, -1.224499999999999900 ) ) ;
#631 = CONICAL_SURFACE ( 'NONE', #1171, 0.06249999999999995100, 1.134464013796324900 ) ;
#632 = EDGE_CURVE ( 'NONE', #1917, #2675, #673, .T. ) ;
#633 = DIRECTION ( 'NONE',  ( -0.0000000000000000000, 0.0000000000000000000, 1.000000000000000000 ) ) ;
#634 = DIRECTION ( 'NONE',  ( -0.0000000000000000000, -1.000000000000000000, -0.0000000000000000000 ) ) ;
#635 = AXIS2_PLACEMENT_3D ( 'NONE', #2213, #250, #2235 ) ;
#636 = CARTESIAN_POINT ( 'NONE',  ( -1.024999999999996800, 0.2700000000000000200, -1.323000000000000200 ) ) ;
#637 = LINE ( 'NONE', #269, #2080 ) ;
#638 = ADVANCED_FACE ( 'NONE', ( #1498 ), #807, .F. ) ;
#639 = LINE ( 'NONE', #2140, #810 ) ;
#640 = DIRECTION ( 'NONE',  ( 0.0000000000000000000, 1.000000000000000000, 0.0000000000000000000 ) ) ;
#641 = CIRCLE ( 'NONE', #822, 0.06249999999999995100 ) ;
#642 = AXIS2_PLACEMENT_3D ( 'NONE', #609, #2564, #395 ) ;
#643 = ORIENTED_EDGE ( 'NONE', *, *, #586, .F. ) ;
#644 = VERTEX_POINT ( 'NONE', #2747 ) ;
#645 = ORIENTED_EDGE ( 'NONE', *, *, #2610, .T. ) ;
#646 = VERTEX_POINT ( 'NONE', #143 ) ;
#647 = AXIS2_PLACEMENT_3D ( 'NONE', #1302, #862, #1060 ) ;
#648 = VERTEX_POINT ( 'NONE', #1680 ) ;
#649 = DIRECTION ( 'NONE',  ( 0.0000000000000000000, 1.000000000000000000, 0.0000000000000000000 ) ) ;
#650 = VERTEX_POINT ( 'NONE', #1049 ) ;
#651 = DIRECTION ( 'NONE',  ( 9.948463196155366600E-017, -1.453110634927782600E-016, 1.000000000000000000 ) ) ;
#652 = ADVANCED_FACE ( 'NONE', ( #603 ), #773, .F. ) ;
#653 = EDGE_CURVE ( 'NONE', #1096, #2359, #2050, .T. ) ;
#654 = ADVANCED_FACE ( 'NONE', ( #2789 ), #2353, .F. ) ;
#655 = ORIENTED_EDGE ( 'NONE', *, *, #1746, .T. ) ;
#656 = APPLICATION_PROTOCOL_DEFINITION ( 'draft international standard', 'automotive_design', 1998, #1779 ) ;
#657 = DIRECTION ( 'NONE',  ( -0.0000000000000000000, -1.000000000000000000, -0.0000000000000000000 ) ) ;
#658 = AXIS2_PLACEMENT_3D ( 'NONE', #1861, #554, #2291 ) ;
#659 = DIRECTION ( 'NONE',  ( -1.000000000000000000, 0.0000000000000000000, 9.948463196155366600E-017 ) ) ;
#660 = CARTESIAN_POINT ( 'NONE',  ( -1.005000000000000100, 0.05000000000000001000, -1.373000000000000900 ) ) ;
#661 = CIRCLE ( 'NONE', #1309, 0.05349999999999999200 ) ;
#662 = AXIS2_PLACEMENT_3D ( 'NONE', #759, #91, #2289 ) ;
#663 =( CONVERSION_BASED_UNIT ( 'INCH', #697 ) LENGTH_UNIT ( ) NAMED_UNIT ( #1855 ) );
#664 = EDGE_LOOP ( 'NONE', ( #705, #2300, #2279, #343 ) ) ;
#665 = VECTOR ( 'NONE', #1684, 39.37007874015748100 ) ;
#666 = EDGE_LOOP ( 'NONE', ( #655, #1440, #1207, #1023 ) ) ;
#667 = ADVANCED_FACE ( 'NONE', ( #1365 ), #1183, .T. ) ;
#668 = VECTOR ( 'NONE', #1334, 39.37007874015748100 ) ;
#669 = ORIENTED_EDGE ( 'NONE', *, *, #1167, .F. ) ;
#670 = CIRCLE ( 'NONE', #165, 0.06250000000000008300 ) ;
#671 = DIRECTION ( 'NONE',  ( 0.0000000000000000000, 0.0000000000000000000, -1.000000000000000000 ) ) ;
#672 = CARTESIAN_POINT ( 'NONE',  ( 0.8725000000000000500, 0.2100000000000000200, 1.171500000000000000 ) ) ;
#673 = LINE ( 'NONE', #2285, #477 ) ;
#674 = ORIENTED_EDGE ( 'NONE', *, *, #1618, .T. ) ;
#675 = AXIS2_PLACEMENT_3D ( 'NONE', #1041, #1034, #1478 ) ;
#676 = CARTESIAN_POINT ( 'NONE',  ( 1.043342308546125100, 0.2065000000000000400, 0.9585000000000005700 ) ) ;
#677 = LINE ( 'NONE', #2608, #1661 ) ;
#678 = ORIENTED_EDGE ( 'NONE', *, *, #1509, .T. ) ;
#679 = ORIENTED_EDGE ( 'NONE', *, *, #933, .F. ) ;
#680 = EDGE_CURVE ( 'NONE', #2675, #2029, #847, .T. ) ;
#681 = ADVANCED_FACE ( 'NONE', ( #2010 ), #1287, .F. ) ;
#682 = ORIENTED_EDGE ( 'NONE', *, *, #1281, .T. ) ;
#683 = ORIENTED_EDGE ( 'NONE', *, *, #535, .T. ) ;
#684 = ORIENTED_EDGE ( 'NONE', *, *, #2104, .T. ) ;
#685 = CARTESIAN_POINT ( 'NONE',  ( -0.8725000000000001600, 0.2100000000000000200, -1.296000000000000000 ) ) ;
#686 = ORIENTED_EDGE ( 'NONE', *, *, #20, .F. ) ;
#687 = FILL_AREA_STYLE ('',( #2582 ) ) ;
#688 = PRESENTATION_LAYER_ASSIGNMENT (  '', '', ( #2695 ) ) ;
#689 = LINE ( 'NONE', #1448, #284 ) ;
#690 = PLANE ( 'NONE',  #2799 ) ;
#691 = EDGE_CURVE ( 'NONE', #1091, #958, #2827, .T. ) ;
#692 = DIRECTION ( 'NONE',  ( 0.0000000000000000000, 0.0000000000000000000, 1.000000000000000000 ) ) ;
#693 = ORIENTED_EDGE ( 'NONE', *, *, #354, .T. ) ;
#694 = AXIS2_PLACEMENT_3D ( 'NONE', #1424, #1640, #1864 ) ;
#695 = CARTESIAN_POINT ( 'NONE',  ( -0.9799999999999999800, 0.2700000000000000200, 1.297999999999999400 ) ) ;
#696 = CARTESIAN_POINT ( 'NONE',  ( -0.8725000000000001600, 0.09000000000000001100, 1.171000000000000000 ) ) ;
#697 = LENGTH_MEASURE_WITH_UNIT ( LENGTH_MEASURE( 0.02539999999999999900 ), #2225 );
#698 = CARTESIAN_POINT ( 'NONE',  ( 1.043342308546124900, 0.1440000000000000700, 0.7234999999999978100 ) ) ;
#699 = DIRECTION ( 'NONE',  ( 1.000000000000000000, 0.0000000000000000000, 0.0000000000000000000 ) ) ;
#700 = DIRECTION ( 'NONE',  ( 0.0000000000000000000, 1.000000000000000000, 0.0000000000000000000 ) ) ;
#701 = STYLED_ITEM ( 'NONE', ( #1675 ), #2247 ) ;
#702 = ORIENTED_EDGE ( 'NONE', *, *, #1922, .T. ) ;
#703 = VECTOR ( 'NONE', #2283, 39.37007874015748100 ) ;
#704 = DIRECTION ( 'NONE',  ( 0.0000000000000000000, 0.0000000000000000000, -1.000000000000000000 ) ) ;
#705 = ORIENTED_EDGE ( 'NONE', *, *, #2445, .F. ) ;
#706 = VECTOR ( 'NONE', #657, 39.37007874015748100 ) ;
#707 = EDGE_CURVE ( 'NONE', #1507, #2631, #1903, .T. ) ;
#708 = ADVANCED_FACE ( 'NONE', ( #1974 ), #1494, .T. ) ;
#709 = VECTOR ( 'NONE', #1637, 39.37007874015748100 ) ;
#710 = CARTESIAN_POINT ( 'NONE',  ( 1.054999999999999900, 0.2314999999999999300, 0.7234999999999978100 ) ) ;
#711 = LINE ( 'NONE', #2084, #2229 ) ;
#712 = DIRECTION ( 'NONE',  ( 0.0000000000000000000, -1.000000000000000000, 5.463695987328526400E-015 ) ) ;
#713 = DIRECTION ( 'NONE',  ( 0.0000000000000000000, 0.0000000000000000000, 1.000000000000000000 ) ) ;
#714 = ORIENTED_EDGE ( 'NONE', *, *, #760, .T. ) ;
#715 = DIRECTION ( 'NONE',  ( 0.0000000000000000000, -1.000000000000000000, 0.0000000000000000000 ) ) ;
#716 = AXIS2_PLACEMENT_3D ( 'NONE', #352, #1444, #1431 ) ;
#717 = ORIENTED_EDGE ( 'NONE', *, *, #1019, .T. ) ;
#718 = ORIENTED_EDGE ( 'NONE', *, *, #1719, .T. ) ;
#719 = CARTESIAN_POINT ( 'NONE',  ( 1.054999999999999700, 0.2315000000000012300, -0.4084999999999993600 ) ) ;
#720 = VERTEX_POINT ( 'NONE', #1975 ) ;
#721 = EDGE_CURVE ( 'NONE', #237, #1507, #1328, .T. ) ;
#722 = DIRECTION ( 'NONE',  ( 0.0000000000000000000, 0.0000000000000000000, 1.000000000000000000 ) ) ;
#723 = FACE_OUTER_BOUND ( 'NONE', #1820, .T. ) ;
#724 = CARTESIAN_POINT ( 'NONE',  ( 1.024999999999996800, 0.2065000000000000700, -0.9694999999999997000 ) ) ;
#725 = ADVANCED_FACE ( 'NONE', ( #980, #2547 ), #220, .F. ) ;
#726 = DIRECTION ( 'NONE',  ( -0.0000000000000000000, 1.000000000000000000, -0.0000000000000000000 ) ) ;
#727 = PRODUCT ( 'Cover Top', 'Cover Top', '', ( #473 ) ) ;
#728 = CARTESIAN_POINT ( 'NONE',  ( -0.8725000000000001600, 0.09000000000000001100, 1.117499999999999900 ) ) ;
#729 = EDGE_CURVE ( 'NONE', #887, #1425, #2622, .T. ) ;
#730 = DIRECTION ( 'NONE',  ( 1.000000000000000000, -0.0000000000000000000, 0.0000000000000000000 ) ) ;
#731 = CARTESIAN_POINT ( 'NONE',  ( 1.043342308546125100, 0.08150000000000000300, 0.9585000000000005700 ) ) ;
#732 = VECTOR ( 'NONE', #2222, 39.37007874015748100 ) ;
#733 = CARTESIAN_POINT ( 'NONE',  ( 1.043342308546124200, 0.1440000000000000700, -0.4084999999999993600 ) ) ;
#734 = AXIS2_PLACEMENT_3D ( 'NONE', #1569, #700, #2026 ) ;
#735 = LINE ( 'NONE', #202, #86 ) ;
#736 = VERTEX_POINT ( 'NONE', #1518 ) ;
#737 = CIRCLE ( 'NONE', #990, 0.1250000000000000300 ) ;
#738 = CARTESIAN_POINT ( 'NONE',  ( -0.8725000000000001600, 0.2100000000000000200, 1.046000000000000000 ) ) ;
#739 = AXIS2_PLACEMENT_3D ( 'NONE', #1699, #1276, #2780 ) ;
#740 = LINE ( 'NONE', #748, #1217 ) ;
#741 = EDGE_CURVE ( 'NONE', #1816, #648, #601, .T. ) ;
#742 = EDGE_LOOP ( 'NONE', ( #1227, #1044, #2243, #258 ) ) ;
#743 = LINE ( 'NONE', #2614, #411 ) ;
#744 = ORIENTED_EDGE ( 'NONE', *, *, #2621, .T. ) ;
#745 = CARTESIAN_POINT ( 'NONE',  ( 1.043342308546124200, 0.08150000000000004500, -0.1735000000000019600 ) ) ;
#746 = EDGE_LOOP ( 'NONE', ( #1570, #99 ) ) ;
#747 = ORIENTED_EDGE ( 'NONE', *, *, #929, .T. ) ;
#748 = CARTESIAN_POINT ( 'NONE',  ( 1.024999999999996800, 0.2064999999999997700, 1.323000000000000200 ) ) ;
#749 = VERTEX_POINT ( 'NONE', #1297 ) ;
#750 = ORIENTED_EDGE ( 'NONE', *, *, #1554, .T. ) ;
#751 = EDGE_LOOP ( 'NONE', ( #1312, #1856, #174, #345 ) ) ;
#752 = EDGE_CURVE ( 'NONE', #1442, #517, #2756, .T. ) ;
#753 = DIRECTION ( 'NONE',  ( 9.948463196155366600E-017, 2.179665952391699700E-016, 1.000000000000000000 ) ) ;
#754 = AXIS2_PLACEMENT_3D ( 'NONE', #384, #1904, #2577 ) ;
#755 = ORIENTED_EDGE ( 'NONE', *, *, #2745, .T. ) ;
#756 = LINE ( 'NONE', #2760, #1063 ) ;
#757 = DIRECTION ( 'NONE',  ( 1.000000000000000000, 0.0000000000000000000, 0.0000000000000000000 ) ) ;
#758 = AXIS2_PLACEMENT_3D ( 'NONE', #154, #2307, #1681 ) ;
#759 = CARTESIAN_POINT ( 'NONE',  ( 0.9799999999999997600, 0.05000000000000001000, -1.298000000000000900 ) ) ;
#760 = EDGE_CURVE ( 'NONE', #1160, #815, #2221, .T. ) ;
#761 = DIRECTION ( 'NONE',  ( 0.0000000000000000000, 0.0000000000000000000, 1.000000000000000000 ) ) ;
#762 = ORIENTED_EDGE ( 'NONE', *, *, #1119, .T. ) ;
#763 = VECTOR ( 'NONE', #1939, 39.37007874015748100 ) ;
#764 = DIRECTION ( 'NONE',  ( 1.000000000000000000, 0.0000000000000000000, -0.0000000000000000000 ) ) ;
#765 = DIRECTION ( 'NONE',  ( -0.4226182617406984400, 0.0000000000000000000, 0.9063077870366504900 ) ) ;
#766 = DIRECTION ( 'NONE',  ( 0.0000000000000000000, -1.453110634927815900E-016, 1.000000000000000000 ) ) ;
#767 = EDGE_CURVE ( 'NONE', #1924, #2169, #1118, .T. ) ;
#768 = LINE ( 'NONE', #1961, #871 ) ;
#769 = EDGE_CURVE ( 'NONE', #648, #1816, #159, .T. ) ;
#770 = ORIENTED_EDGE ( 'NONE', *, *, #1223, .T. ) ;
#771 = FACE_OUTER_BOUND ( 'NONE', #2764, .T. ) ;
#772 = FACE_OUTER_BOUND ( 'NONE', #487, .T. ) ;
#773 = CONICAL_SURFACE ( 'NONE', #520, 0.06249999999999995100, 1.134464013796316000 ) ;
#774 = PLANE ( 'NONE',  #1241 ) ;
#775 = ADVANCED_FACE ( 'NONE', ( #1399 ), #2292, .F. ) ;
#776 = CARTESIAN_POINT ( 'NONE',  ( 1.043342308546124900, 0.1440000000000000700, 0.7234999999999978100 ) ) ;
#777 = LINE ( 'NONE', #1858, #1562 ) ;
#778 = VERTEX_POINT ( 'NONE', #1860 ) ;
#779 = CARTESIAN_POINT ( 'NONE',  ( -0.8725000000000001600, 0.2100000000000000200, -1.171000000000000000 ) ) ;
#780 = EDGE_CURVE ( 'NONE', #1807, #2767, #67, .T. ) ;
#781 = DIRECTION ( 'NONE',  ( 0.0000000000000000000, 0.0000000000000000000, 1.000000000000000000 ) ) ;
#782 = VERTEX_POINT ( 'NONE', #1613 ) ;
#783 = EDGE_LOOP ( 'NONE', ( #1701, #116 ) ) ;
#784 = ORIENTED_EDGE ( 'NONE', *, *, #1497, .F. ) ;
#785 = AXIS2_PLACEMENT_3D ( 'NONE', #1482, #1053, #2348 ) ;
#786 = ORIENTED_EDGE ( 'NONE', *, *, #619, .T. ) ;
#787 = CARTESIAN_POINT ( 'NONE',  ( 1.024999999999996800, 0.2064999999999999100, 1.323000000000000200 ) ) ;
#788 = DIRECTION ( 'NONE',  ( 0.4226182617406979400, -0.9063077870366504900, 6.189737774145818300E-016 ) ) ;
#789 = AXIS2_PLACEMENT_3D ( 'NONE', #1211, #359, #2677 ) ;
#790 = DIRECTION ( 'NONE',  ( -0.0000000000000000000, 1.000000000000000000, -0.0000000000000000000 ) ) ;
#791 = DIRECTION ( 'NONE',  ( 9.948463196155366600E-017, -2.179665952391673600E-016, 1.000000000000000000 ) ) ;
#792 = ADVANCED_FACE ( 'NONE', ( #2786 ), #1659, .T. ) ;
#793 = ORIENTED_EDGE ( 'NONE', *, *, #2768, .F. ) ;
#794 = AXIS2_PLACEMENT_3D ( 'NONE', #2384, #617, #2810 ) ;
#795 = FILL_AREA_STYLE ('',( #1651 ) ) ;
#796 = EDGE_CURVE ( 'NONE', #854, #559, #1591, .T. ) ;
#797 = DIRECTION ( 'NONE',  ( 0.0000000000000000000, 0.0000000000000000000, 1.000000000000000000 ) ) ;
#798 = FACE_OUTER_BOUND ( 'NONE', #1226, .T. ) ;
#799 = LINE ( 'NONE', #965, #2416 ) ;
#800 = FACE_BOUND ( 'NONE', #2728, .T. ) ;
#801 = AXIS2_PLACEMENT_3D ( 'NONE', #2420, #426, #2591 ) ;
#802 = ORIENTED_EDGE ( 'NONE', *, *, #1073, .F. ) ;
#803 = VECTOR ( 'NONE', #2166, 39.37007874015748100 ) ;
#804 = DIRECTION ( 'NONE',  ( 1.000000000000000000, 0.0000000000000000000, 0.0000000000000000000 ) ) ;
#805 = CIRCLE ( 'NONE', #1610, 0.05349999999999999200 ) ;
#806 = DIRECTION ( 'NONE',  ( 0.0000000000000000000, 0.0000000000000000000, -1.000000000000000000 ) ) ;
#807 = PLANE ( 'NONE',  #1239 ) ;
#808 = CIRCLE ( 'NONE', #2426, 0.07500000000000002500 ) ;
#809 = ORIENTED_EDGE ( 'NONE', *, *, #157, .T. ) ;
#810 = VECTOR ( 'NONE', #827, 39.37007874015748900 ) ;
#811 = CARTESIAN_POINT ( 'NONE',  ( 1.043342308546124900, 0.1440000000000000200, 0.3925000000000004000 ) ) ;
#812 = PLANE ( 'NONE',  #92 ) ;
#813 = ORIENTED_EDGE ( 'NONE', *, *, #2011, .T. ) ;
#814 = ORIENTED_EDGE ( 'NONE', *, *, #2455, .F. ) ;
#815 = VERTEX_POINT ( 'NONE', #1643 ) ;
#816 = DIRECTION ( 'NONE',  ( -0.0000000000000000000, 1.000000000000000000, -0.0000000000000000000 ) ) ;
#817 = ORIENTED_EDGE ( 'NONE', *, *, #1732, .T. ) ;
#818 = EDGE_LOOP ( 'NONE', ( #1881, #858, #1781, #1541 ) ) ;
#819 = DIRECTION ( 'NONE',  ( 0.0000000000000000000, 0.0000000000000000000, 1.000000000000000000 ) ) ;
#820 = VERTEX_POINT ( 'NONE', #986 ) ;
#821 = CARTESIAN_POINT ( 'NONE',  ( 1.043342308546125100, 0.08150000000000000300, 0.9585000000000005700 ) ) ;
#822 = AXIS2_PLACEMENT_3D ( 'NONE', #823, #831, #1692 ) ;
#823 = CARTESIAN_POINT ( 'NONE',  ( 1.043342308546124200, 0.1440000000000000700, -0.4084999999999993600 ) ) ;
#824 = DIRECTION ( 'NONE',  ( 0.0000000000000000000, 0.0000000000000000000, 1.000000000000000000 ) ) ;
#825 = EDGE_CURVE ( 'NONE', #483, #1372, #740, .T. ) ;
#826 = DIRECTION ( 'NONE',  ( 1.000000000000000000, 0.0000000000000000000, 0.0000000000000000000 ) ) ;
#827 = DIRECTION ( 'NONE',  ( -0.4226182617406979400, 0.9063077870366504900, 0.0000000000000000000 ) ) ;
#828 = DIRECTION ( 'NONE',  ( 0.0000000000000000000, 0.0000000000000000000, -1.000000000000000000 ) ) ;
#829 = AXIS2_PLACEMENT_3D ( 'NONE', #436, #944, #1052 ) ;
#830 = CARTESIAN_POINT ( 'NONE',  ( 1.054999999999999700, 0.2315000000000000100, -1.373000000000000900 ) ) ;
#831 = DIRECTION ( 'NONE',  ( 1.000000000000000000, 0.0000000000000000000, 0.0000000000000000000 ) ) ;
#832 = VERTEX_POINT ( 'NONE', #1849 ) ;
#833 = FACE_OUTER_BOUND ( 'NONE', #1244, .T. ) ;
#834 = LINE ( 'NONE', #2568, #763 ) ;
#835 = EDGE_CURVE ( 'NONE', #1663, #276, #1534, .T. ) ;
#836 = CARTESIAN_POINT ( 'NONE',  ( 1.043342308546125300, 0.2065000000000000700, -0.9694999999999997000 ) ) ;
#837 = DIRECTION ( 'NONE',  ( 0.9063077870366503800, 0.4226182617406987200, -1.515748057022423100E-016 ) ) ;
#838 = VECTOR ( 'NONE', #2637, 39.37007874015748100 ) ;
#839 = DIRECTION ( 'NONE',  ( -0.0000000000000000000, -1.000000000000000000, -0.0000000000000000000 ) ) ;
#840 = ORIENTED_EDGE ( 'NONE', *, *, #769, .F. ) ;
#841 = FACE_OUTER_BOUND ( 'NONE', #1847, .T. ) ;
#842 = CARTESIAN_POINT ( 'NONE',  ( 1.054999999999999700, 0.2315000000000011800, -0.1735000000000019600 ) ) ;
#843 = FACE_OUTER_BOUND ( 'NONE', #2141, .T. ) ;
#844 = DIRECTION ( 'NONE',  ( 0.0000000000000000000, 0.0000000000000000000, 1.000000000000000000 ) ) ;
#845 = DIRECTION ( 'NONE',  ( -1.000000000000000000, -0.0000000000000000000, 9.948463196155367900E-017 ) ) ;
#846 = CARTESIAN_POINT ( 'NONE',  ( 0.9049999999999999200, 0.1440000000000000200, 0.9585000000000005700 ) ) ;
#847 = CIRCLE ( 'NONE', #132, 0.06250000000000001400 ) ;
#848 = CARTESIAN_POINT ( 'NONE',  ( -1.024999999999996800, 0.08150000000000005900, 0.1174999999999992300 ) ) ;
#849 = CARTESIAN_POINT ( 'NONE',  ( 1.054999999999999900, 0.1440000000000000200, 0.9585000000000005700 ) ) ;
#850 = VECTOR ( 'NONE', #578, 39.37007874015748100 ) ;
#851 = AXIS2_PLACEMENT_3D ( 'NONE', #811, #2576, #2134 ) ;
#852 = EDGE_LOOP ( 'NONE', ( #1458, #2382, #2338, #2451 ) ) ;
#853 = PLANE ( 'NONE',  #1825 ) ;
#854 = VERTEX_POINT ( 'NONE', #2711 ) ;
#855 = EDGE_LOOP ( 'NONE', ( #576, #1026, #1163, #514 ) ) ;
#856 = ORIENTED_EDGE ( 'NONE', *, *, #569, .F. ) ;
#857 = EDGE_CURVE ( 'NONE', #2433, #1811, #2487, .T. ) ;
#858 = ORIENTED_EDGE ( 'NONE', *, *, #1392, .F. ) ;
#859 = DIRECTION ( 'NONE',  ( 1.000000000000000000, -0.0000000000000000000, -9.948463196155370300E-017 ) ) ;
#860 = FACE_BOUND ( 'NONE', #108, .T. ) ;
#861 = ADVANCED_FACE ( 'NONE', ( #301 ), #32, .F. ) ;
#862 = DIRECTION ( 'NONE',  ( -0.0000000000000000000, 1.000000000000000000, -0.0000000000000000000 ) ) ;
#863 = VERTEX_POINT ( 'NONE', #2500 ) ;
#864 = CARTESIAN_POINT ( 'NONE',  ( -1.024999999999996800, 0.08000000000000002900, 1.323000000000000200 ) ) ;
#865 = CARTESIAN_POINT ( 'NONE',  ( 1.054999999999999900, 0.05650000000000001500, 0.7234999999999978100 ) ) ;
#866 = DIRECTION ( 'NONE',  ( -9.948463196155366600E-017, -1.453110634927800100E-016, -1.000000000000000000 ) ) ;
#867 = AXIS2_PLACEMENT_3D ( 'NONE', #1887, #764, #351 ) ;
#868 = ADVANCED_FACE ( 'NONE', ( #2425 ), #105, .F. ) ;
#869 =( CONVERSION_BASED_UNIT ( 'INCH', #2466 ) LENGTH_UNIT ( ) NAMED_UNIT ( #1635 ) );
#870 = FACE_OUTER_BOUND ( 'NONE', #2782, .T. ) ;
#871 = VECTOR ( 'NONE', #897, 39.37007874015748100 ) ;
#872 = LINE ( 'NONE', #1511, #529 ) ;
#873 = CARTESIAN_POINT ( 'NONE',  ( 1.043342308546124200, 0.2065000000000000200, -0.1735000000000019600 ) ) ;
#874 = LINE ( 'NONE', #412, #2680 ) ;
#875 = CIRCLE ( 'NONE', #2463, 0.06250000000000001400 ) ;
#876 = EDGE_CURVE ( 'NONE', #204, #94, #539, .T. ) ;
#877 = EDGE_LOOP ( 'NONE', ( #693, #809, #2270, #2044 ) ) ;
#878 = CYLINDRICAL_SURFACE ( 'NONE', #2358, 0.05349999999999999200 ) ;
#879 = VECTOR ( 'NONE', #1279, 39.37007874015748100 ) ;
#880 = DIRECTION ( 'NONE',  ( 1.000000000000000000, 0.0000000000000000000, 0.0000000000000000000 ) ) ;
#881 = EDGE_CURVE ( 'NONE', #1192, #1633, #670, .T. ) ;
#882 = PLANE ( 'NONE',  #2352 ) ;
#883 = VECTOR ( 'NONE', #2673, 39.37007874015748900 ) ;
#884 = CARTESIAN_POINT ( 'NONE',  ( 1.054999999999999700, 0.2314999999999999000, -0.7345000000000023700 ) ) ;
#885 = CARTESIAN_POINT ( 'NONE',  ( -0.9799999999999999800, 0.2700000000000000200, 1.372999999999999300 ) ) ;
#886 = CIRCLE ( 'NONE', #1683, 0.1250000000000000300 ) ;
#887 = VERTEX_POINT ( 'NONE', #589 ) ;
#888 = DIRECTION ( 'NONE',  ( -1.000000000000000000, 0.0000000000000000000, -0.0000000000000000000 ) ) ;
#889 = ORIENTED_EDGE ( 'NONE', *, *, #293, .F. ) ;
#890 = ORIENTED_EDGE ( 'NONE', *, *, #1323, .T. ) ;
#891 = EDGE_LOOP ( 'NONE', ( #1038, #2304, #2605, #1021 ) ) ;
#892 = ORIENTED_EDGE ( 'NONE', *, *, #1295, .F. ) ;
#893 = ORIENTED_EDGE ( 'NONE', *, *, #1579, .F. ) ;
#894 = ORIENTED_EDGE ( 'NONE', *, *, #614, .T. ) ;
#895 = CARTESIAN_POINT ( 'NONE',  ( 0.8724999999999999400, 0.09000000000000001100, -1.224999999999999900 ) ) ;
#896 = ORIENTED_EDGE ( 'NONE', *, *, #2328, .F. ) ;
#897 = DIRECTION ( 'NONE',  ( 1.000000000000000000, -0.0000000000000000000, -9.948463196155370300E-017 ) ) ;
#898 = DIRECTION ( 'NONE',  ( 1.000000000000000000, 0.0000000000000000000, 0.0000000000000000000 ) ) ;
#899 = EDGE_CURVE ( 'NONE', #1301, #2665, #95, .T. ) ;
#900 = ADVANCED_FACE ( 'NONE', ( #1836 ), #1047, .F. ) ;
#901 =( NAMED_UNIT ( * ) SI_UNIT ( $, .STERADIAN. ) SOLID_ANGLE_UNIT ( ) );
#902 = DIRECTION ( 'NONE',  ( 0.0000000000000000000, -1.000000000000000000, 0.0000000000000000000 ) ) ;
#903 = AXIS2_PLACEMENT_3D ( 'NONE', #12, #671, #888 ) ;
#904 = DIRECTION ( 'NONE',  ( -0.9063077870366481600, 0.4226182617407034900, 1.515748057022434700E-016 ) ) ;
#905 = DIRECTION ( 'NONE',  ( -1.000000000000000000, 0.0000000000000000000, -0.0000000000000000000 ) ) ;
#906 = ORIENTED_EDGE ( 'NONE', *, *, #1882, .T. ) ;
#907 = VECTOR ( 'NONE', #249, 39.37007874015748100 ) ;
#908 = AXIS2_PLACEMENT_3D ( 'NONE', #1831, #524, #542 ) ;
#909 = VECTOR ( 'NONE', #1986, 39.37007874015748100 ) ;
#910 = EDGE_CURVE ( 'NONE', #1815, #2059, #1698, .T. ) ;
#911 = ORIENTED_EDGE ( 'NONE', *, *, #2177, .T. ) ;
#912 = VECTOR ( 'NONE', #2138, 39.37007874015748100 ) ;
#913 = DIRECTION ( 'NONE',  ( 0.0000000000000000000, 0.0000000000000000000, 1.000000000000000000 ) ) ;
#914 = LINE ( 'NONE', #2424, #668 ) ;
#915 = DIRECTION ( 'NONE',  ( 0.0000000000000000000, 1.000000000000000000, 0.0000000000000000000 ) ) ;
#916 = CIRCLE ( 'NONE', #658, 0.08749999999999995300 ) ;
#917 = VECTOR ( 'NONE', #765, 39.37007874015748100 ) ;
#918 = VERTEX_POINT ( 'NONE', #2459 ) ;
#919 = EDGE_CURVE ( 'NONE', #136, #1164, #637, .T. ) ;
#920 = CARTESIAN_POINT ( 'NONE',  ( 0.9049999999999998000, 0.2065000000000000200, -0.1735000000000019600 ) ) ;
#921 = ORIENTED_EDGE ( 'NONE', *, *, #2475, .T. ) ;
#922 = VERTEX_POINT ( 'NONE', #1397 ) ;
#923 = VERTEX_POINT ( 'NONE', #491 ) ;
#924 = CARTESIAN_POINT ( 'NONE',  ( 0.8724999999999999400, 0.2100000000000000200, -1.296500000000000000 ) ) ;
#925 = ORIENTED_EDGE ( 'NONE', *, *, #255, .T. ) ;
#926 = ORIENTED_EDGE ( 'NONE', *, *, #1676, .T. ) ;
#927 = ADVANCED_FACE ( 'NONE', ( #2144, #1733 ), #498, .T. ) ;
#928 = CARTESIAN_POINT ( 'NONE',  ( -0.9800000000000002000, 0.2700000000000000200, -1.298000000000000900 ) ) ;
#929 = EDGE_CURVE ( 'NONE', #550, #887, #406, .T. ) ;
#930 = DIRECTION ( 'NONE',  ( 0.0000000000000000000, 0.0000000000000000000, -1.000000000000000000 ) ) ;
#931 = ORIENTED_EDGE ( 'NONE', *, *, #2700, .T. ) ;
#932 = CARTESIAN_POINT ( 'NONE',  ( 0.9049999999999998000, 0.2065000000000000700, 0.1574999999999976400 ) ) ;
#933 = EDGE_CURVE ( 'NONE', #922, #820, #571, .T. ) ;
#934 = DIRECTION ( 'NONE',  ( 0.0000000000000000000, 0.0000000000000000000, -1.000000000000000000 ) ) ;
#935 = DIRECTION ( 'NONE',  ( 0.0000000000000000000, 1.000000000000000000, 0.0000000000000000000 ) ) ;
#936 = AXIS2_PLACEMENT_3D ( 'NONE', #28, #16, #2007 ) ;
#937 = ORIENTED_EDGE ( 'NONE', *, *, #2503, .F. ) ;
#938 = LINE ( 'NONE', #1219, #1686 ) ;
#939 = ADVANCED_FACE ( 'NONE', ( #2256 ), #1083, .F. ) ;
#940 = CARTESIAN_POINT ( 'NONE',  ( 0.8725000000000000500, 0.09000000000000001100, 1.171500000000000000 ) ) ;
#941 = ORIENTED_EDGE ( 'NONE', *, *, #1656, .T. ) ;
#942 = VECTOR ( 'NONE', #2427, 39.37007874015748100 ) ;
#943 = FACE_OUTER_BOUND ( 'NONE', #1088, .T. ) ;
#944 = DIRECTION ( 'NONE',  ( 1.000000000000000000, 0.0000000000000000000, 0.0000000000000000000 ) ) ;
#945 = AXIS2_PLACEMENT_3D ( 'NONE', #1736, #1710, #439 ) ;
#946 = CIRCLE ( 'NONE', #555, 0.06249999999999995100 ) ;
#947 = DIRECTION ( 'NONE',  ( 0.0000000000000000000, 0.0000000000000000000, -1.000000000000000000 ) ) ;
#948 = ORIENTED_EDGE ( 'NONE', *, *, #1955, .T. ) ;
#949 = LINE ( 'NONE', #1783, #1835 ) ;
#950 = EDGE_CURVE ( 'NONE', #1811, #2433, #508, .T. ) ;
#951 = CONICAL_SURFACE ( 'NONE', #1907, 0.06250000000000008300, 1.134464013796315800 ) ;
#952 = CARTESIAN_POINT ( 'NONE',  ( 1.054999999999999700, 0.1440000000000000700, -0.9694999999999997000 ) ) ;
#953 = FACE_OUTER_BOUND ( 'NONE', #305, .T. ) ;
#954 = ORIENTED_EDGE ( 'NONE', *, *, #2745, .F. ) ;
#955 = ADVANCED_FACE ( 'NONE', ( #2113 ), #951, .F. ) ;
#956 = ORIENTED_EDGE ( 'NONE', *, *, #532, .T. ) ;
#957 = AXIS2_PLACEMENT_3D ( 'NONE', #2531, #1693, #824 ) ;
#958 = VERTEX_POINT ( 'NONE', #1254 ) ;
#959 = CARTESIAN_POINT ( 'NONE',  ( 1.043342308546124900, 0.1440000000000000700, 0.09499999999999758600 ) ) ;
#960 = ORIENTED_EDGE ( 'NONE', *, *, #1628, .F. ) ;
#961 = EDGE_LOOP ( 'NONE', ( #2504, #2217, #1566, #1127 ) ) ;
#962 = ORIENTED_EDGE ( 'NONE', *, *, #510, .F. ) ;
#963 = UNCERTAINTY_MEASURE_WITH_UNIT (LENGTH_MEASURE( 1.000000000000000100E-005 ), #869, 'distance_accuracy_value', 'NONE');
#964 = ORIENTED_EDGE ( 'NONE', *, *, #2060, .F. ) ;
#965 = CARTESIAN_POINT ( 'NONE',  ( 1.054999999999999700, 0.05650000000000027200, -1.373000000000000900 ) ) ;
#966 = DIRECTION ( 'NONE',  ( -0.0000000000000000000, -1.000000000000000000, -0.0000000000000000000 ) ) ;
#967 = DIRECTION ( 'NONE',  ( 0.0000000000000000000, -1.000000000000000000, 0.0000000000000000000 ) ) ;
#968 = DIRECTION ( 'NONE',  ( 0.0000000000000000000, 1.000000000000000000, 0.0000000000000000000 ) ) ;
#969 = AXIS2_PLACEMENT_3D ( 'NONE', #2315, #141, #1224 ) ;
#970 = ORIENTED_EDGE ( 'NONE', *, *, #2011, .F. ) ;
#971 = FACE_OUTER_BOUND ( 'NONE', #2436, .T. ) ;
#972 = LINE ( 'NONE', #1149, #1390 ) ;
#973 = CIRCLE ( 'NONE', #647, 0.1250000000000000300 ) ;
#974 = LINE ( 'NONE', #1057, #1866 ) ;
#975 = ORIENTED_EDGE ( 'NONE', *, *, #2318, .F. ) ;
#976 = VECTOR ( 'NONE', #2733, 39.37007874015748100 ) ;
#977 = CARTESIAN_POINT ( 'NONE',  ( 1.043342308546124900, 0.08150000000000000300, 0.3925000000000004000 ) ) ;
#978 = ADVANCED_FACE ( 'NONE', ( #2718 ), #371, .F. ) ;
#979 = ORIENTED_EDGE ( 'NONE', *, *, #1445, .T. ) ;
#980 = FACE_BOUND ( 'NONE', #2437, .T. ) ;
#981 = CARTESIAN_POINT ( 'NONE',  ( -1.055000000000000200, 0.2315000000000003200, -1.373000000000000900 ) ) ;
#982 = FACE_OUTER_BOUND ( 'NONE', #2660, .T. ) ;
#983 = EDGE_CURVE ( 'NONE', #922, #2092, #1013, .T. ) ;
#984 = VECTOR ( 'NONE', #2308, 39.37007874015748100 ) ;
#985 = DIRECTION ( 'NONE',  ( -0.0000000000000000000, 1.000000000000000000, -0.0000000000000000000 ) ) ;
#986 = CARTESIAN_POINT ( 'NONE',  ( 1.043342308546125100, 0.1440000000000000700, -1.031999999999999600 ) ) ;
#987 = VERTEX_POINT ( 'NONE', #2781 ) ;
#988 = ORIENTED_EDGE ( 'NONE', *, *, #1889, .T. ) ;
#989 = ORIENTED_EDGE ( 'NONE', *, *, #1509, .F. ) ;
#990 = AXIS2_PLACEMENT_3D ( 'NONE', #251, #48, #704 ) ;
#991 = ORIENTED_EDGE ( 'NONE', *, *, #707, .T. ) ;
#992 = DIRECTION ( 'NONE',  ( 1.000000000000000000, -0.0000000000000000000, -9.948463196155370300E-017 ) ) ;
#993 = ORIENTED_EDGE ( 'NONE', *, *, #1073, .T. ) ;
#994 = DIRECTION ( 'NONE',  ( 1.000000000000000000, 0.0000000000000000000, 0.0000000000000000000 ) ) ;
#995 = CYLINDRICAL_SURFACE ( 'NONE', #1159, 0.1250000000000000300 ) ;
#996 =( GEOMETRIC_REPRESENTATION_CONTEXT ( 3 ) GLOBAL_UNCERTAINTY_ASSIGNED_CONTEXT ( ( #1729 ) ) GLOBAL_UNIT_ASSIGNED_CONTEXT ( ( #663, #2641, #901 ) ) REPRESENTATION_CONTEXT ( 'NONE', 'WORKASPACE' ) );
#997 = DIRECTION ( 'NONE',  ( 0.0000000000000000000, 0.0000000000000000000, 1.000000000000000000 ) ) ;
#998 = DIRECTION ( 'NONE',  ( 0.4226182617406979400, -0.9063077870366507100, 0.0000000000000000000 ) ) ;
#999 = ORIENTED_EDGE ( 'NONE', *, *, #2535, .T. ) ;
#1000 = EDGE_CURVE ( 'NONE', #2741, #1543, #2185, .T. ) ;
#1001 = DIRECTION ( 'NONE',  ( 0.0000000000000000000, 1.000000000000000000, 0.0000000000000000000 ) ) ;
#1002 = ORIENTED_EDGE ( 'NONE', *, *, #2700, .F. ) ;
#1003 = PLANE ( 'NONE',  #421 ) ;
#1004 = FACE_OUTER_BOUND ( 'NONE', #1206, .T. ) ;
#1005 = LINE ( 'NONE', #2602, #2039 ) ;
#1006 = EDGE_CURVE ( 'NONE', #1748, #1192, #445, .T. ) ;
#1007 = VECTOR ( 'NONE', #2127, 39.37007874015748100 ) ;
#1008 = FACE_OUTER_BOUND ( 'NONE', #855, .T. ) ;
#1009 = DIRECTION ( 'NONE',  ( -0.0000000000000000000, -1.000000000000000000, -0.0000000000000000000 ) ) ;
#1010 = AXIS2_PLACEMENT_3D ( 'NONE', #61, #1790, #2458 ) ;
#1011 = EDGE_LOOP ( 'NONE', ( #162, #894, #1614, #1340, #817 ) ) ;
#1012 = VECTOR ( 'NONE', #1270, 39.37007874015748100 ) ;
#1013 = LINE ( 'NONE', #1490, #2651 ) ;
#1014 = CARTESIAN_POINT ( 'NONE',  ( -0.8725000000000001600, 0.09000000000000001100, 1.171000000000000000 ) ) ;
#1015 = AXIS2_PLACEMENT_3D ( 'NONE', #1928, #1115, #880 ) ;
#1016 = VECTOR ( 'NONE', #2751, 39.37007874015748100 ) ;
#1017 = ORIENTED_EDGE ( 'NONE', *, *, #2191, .T. ) ;
#1018 = DIRECTION ( 'NONE',  ( 0.0000000000000000000, 1.000000000000000000, 0.0000000000000000000 ) ) ;
#1019 = EDGE_CURVE ( 'NONE', #1502, #2364, #1460, .T. ) ;
#1020 = CARTESIAN_POINT ( 'NONE',  ( 0.9049999999999998000, 0.1440000000000000700, 0.1574999999999976100 ) ) ;
#1021 = ORIENTED_EDGE ( 'NONE', *, *, #2167, .F. ) ;
#1022 = ORIENTED_EDGE ( 'NONE', *, *, #2533, .T. ) ;
#1023 = ORIENTED_EDGE ( 'NONE', *, *, #1339, .T. ) ;
#1024 = EDGE_CURVE ( 'NONE', #550, #30, #2048, .T. ) ;
#1025 = ORIENTED_EDGE ( 'NONE', *, *, #881, .F. ) ;
#1026 = ORIENTED_EDGE ( 'NONE', *, *, #75, .F. ) ;
#1027 = CARTESIAN_POINT ( 'NONE',  ( 0.8725000000000000500, 0.09000000000000001100, 1.224999999999999900 ) ) ;
#1028 = CARTESIAN_POINT ( 'NONE',  ( -0.8725000000000001600, 0.09000000000000001100, -1.171000000000000000 ) ) ;
#1029 = AXIS2_PLACEMENT_3D ( 'NONE', #2266, #935, #528 ) ;
#1030 = DIRECTION ( 'NONE',  ( -1.000000000000000000, -0.0000000000000000000, -0.0000000000000000000 ) ) ;
#1031 = AXIS2_PLACEMENT_3D ( 'NONE', #2417, #216, #1558 ) ;
#1032 = PLANE ( 'NONE',  #607 ) ;
#1033 = EDGE_LOOP ( 'NONE', ( #2648, #1601, #2090, #1912 ) ) ;
#1034 = DIRECTION ( 'NONE',  ( 0.0000000000000000000, 1.000000000000000000, 0.0000000000000000000 ) ) ;
#1035 = EDGE_CURVE ( 'NONE', #1094, #782, #805, .T. ) ;
#1036 = PLANE ( 'NONE',  #2434 ) ;
#1037 = EDGE_CURVE ( 'NONE', #1375, #454, #2255, .T. ) ;
#1038 = ORIENTED_EDGE ( 'NONE', *, *, #2349, .F. ) ;
#1039 = FACE_BOUND ( 'NONE', #245, .T. ) ;
#1040 = DIRECTION ( 'NONE',  ( 0.0000000000000000000, -0.0000000000000000000, 1.000000000000000000 ) ) ;
#1041 = CARTESIAN_POINT ( 'NONE',  ( 0.8724999999999999400, 0.09000000000000001100, -1.171500000000000000 ) ) ;
#1042 = DIRECTION ( 'NONE',  ( 0.0000000000000000000, 0.0000000000000000000, 1.000000000000000000 ) ) ;
#1043 = AXIS2_PLACEMENT_3D ( 'NONE', #952, #478, #913 ) ;
#1044 = ORIENTED_EDGE ( 'NONE', *, *, #1960, .F. ) ;
#1045 = VECTOR ( 'NONE', #1143, 39.37007874015748100 ) ;
#1046 = CARTESIAN_POINT ( 'NONE',  ( 1.043342308546125300, 0.08150000000000000300, -0.7345000000000023700 ) ) ;
#1047 = CYLINDRICAL_SURFACE ( 'NONE', #117, 0.06250000000000001400 ) ;
#1048 = DIRECTION ( 'NONE',  ( -0.0000000000000000000, 1.000000000000000000, -0.0000000000000000000 ) ) ;
#1049 = CARTESIAN_POINT ( 'NONE',  ( 1.024999999999996800, 0.08150000000000000300, 0.3925000000000004000 ) ) ;
#1050 = CARTESIAN_POINT ( 'NONE',  ( 0.8724999999999999400, 0.09000000000000001100, -1.117999999999999900 ) ) ;
#1051 = VECTOR ( 'NONE', #1389, 39.37007874015748100 ) ;
#1052 = DIRECTION ( 'NONE',  ( 0.0000000000000000000, 0.0000000000000000000, -1.000000000000000000 ) ) ;
#1053 = DIRECTION ( 'NONE',  ( 1.000000000000000000, 0.0000000000000000000, 0.0000000000000000000 ) ) ;
#1054 = VECTOR ( 'NONE', #373, 39.37007874015748100 ) ;
#1055 = EDGE_CURVE ( 'NONE', #2729, #1959, #335, .T. ) ;
#1056 = EDGE_LOOP ( 'NONE', ( #1689, #7, #784, #3 ) ) ;
#1057 = CARTESIAN_POINT ( 'NONE',  ( 1.043342308546125100, 0.08150000000000000300, 0.9585000000000005700 ) ) ;
#1058 = ORIENTED_EDGE ( 'NONE', *, *, #910, .F. ) ;
#1059 = ORIENTED_EDGE ( 'NONE', *, *, #2257, .F. ) ;
#1060 = DIRECTION ( 'NONE',  ( 0.0000000000000000000, 0.0000000000000000000, -1.000000000000000000 ) ) ;
#1061 = ORIENTED_EDGE ( 'NONE', *, *, #2820, .T. ) ;
#1062 = PLANE ( 'NONE',  #451 ) ;
#1063 = VECTOR ( 'NONE', #2773, 39.37007874015748900 ) ;
#1064 = CARTESIAN_POINT ( 'NONE',  ( 0.8725000000000000500, 0.08000000000000002900, 1.296500000000000000 ) ) ;
#1065 = DIRECTION ( 'NONE',  ( -0.4226182617406858400, -0.9063077870366562600, 0.0000000000000000000 ) ) ;
#1066 = EDGE_CURVE ( 'NONE', #815, #1564, #1766, .T. ) ;
#1067 = DIRECTION ( 'NONE',  ( 0.0000000000000000000, 0.0000000000000000000, 1.000000000000000000 ) ) ;
#1068 = DIRECTION ( 'NONE',  ( 0.0000000000000000000, 1.000000000000000000, 0.0000000000000000000 ) ) ;
#1069 = ORIENTED_EDGE ( 'NONE', *, *, #208, .T. ) ;
#1070 = DIRECTION ( 'NONE',  ( 0.0000000000000000000, 0.0000000000000000000, 1.000000000000000000 ) ) ;
#1071 = EDGE_LOOP ( 'NONE', ( #1641, #2056, #2800, #2290 ) ) ;
#1072 = CYLINDRICAL_SURFACE ( 'NONE', #507, 0.1250000000000000300 ) ;
#1073 = EDGE_CURVE ( 'NONE', #481, #2203, #1243, .T. ) ;
#1074 = CARTESIAN_POINT ( 'NONE',  ( -0.9800000000000002000, 0.2700000000000000200, -1.298000000000000900 ) ) ;
#1075 = LINE ( 'NONE', #1762, #629 ) ;
#1076 = LINE ( 'NONE', #731, #224 ) ;
#1077 = CARTESIAN_POINT ( 'NONE',  ( 1.043342308546125300, 0.1440000000000000200, -0.7345000000000023700 ) ) ;
#1078 = EDGE_CURVE ( 'NONE', #820, #1748, #1147, .T. ) ;
#1079 = CIRCLE ( 'NONE', #1547, 0.06250000000000008300 ) ;
#1080 = VERTEX_POINT ( 'NONE', #1418 ) ;
#1081 = LINE ( 'NONE', #231, #568 ) ;
#1082 = AXIS2_PLACEMENT_3D ( 'NONE', #465, #902, #1587 ) ;
#1083 = CYLINDRICAL_SURFACE ( 'NONE', #1662, 0.05349999999999999200 ) ;
#1084 = DIRECTION ( 'NONE',  ( -2.168432650728200100E-032, -1.000000000000000000, -2.179665952391724100E-016 ) ) ;
#1085 = PLANE ( 'NONE',  #2198 ) ;
#1086 = ADVANCED_FACE ( 'NONE', ( #1216 ), #2200, .F. ) ;
#1087 = FACE_OUTER_BOUND ( 'NONE', #1271, .T. ) ;
#1088 = EDGE_LOOP ( 'NONE', ( #1777, #417, #2435, #377 ) ) ;
#1089 = LINE ( 'NONE', #1266, #449 ) ;
#1090 = ORIENTED_EDGE ( 'NONE', *, *, #835, .F. ) ;
#1091 = VERTEX_POINT ( 'NONE', #209 ) ;
#1092 = CARTESIAN_POINT ( 'NONE',  ( -1.043342308546124900, 0.1440000000000000700, 0.1799999999999992700 ) ) ;
#1093 = EDGE_CURVE ( 'NONE', #111, #6, #2388, .T. ) ;
#1094 = VERTEX_POINT ( 'NONE', #2260 ) ;
#1095 = VERTEX_POINT ( 'NONE', #45 ) ;
#1096 = VERTEX_POINT ( 'NONE', #438 ) ;
#1097 = CARTESIAN_POINT ( 'NONE',  ( -1.043342308546124900, 0.08150000000000000300, -0.1175000000000006900 ) ) ;
#1098 = LINE ( 'NONE', #1848, #9 ) ;
#1099 = ADVANCED_FACE ( 'NONE', ( #65 ), #2485, .F. ) ;
#1100 = CARTESIAN_POINT ( 'NONE',  ( 1.054999999999999900, 0.05650000000000020300, 0.9585000000000005700 ) ) ;
#1101 = AXIS2_PLACEMENT_3D ( 'NONE', #505, #2032, #722 ) ;
#1102 = CARTESIAN_POINT ( 'NONE',  ( -0.9800000000000002000, 0.05000000000000001000, -1.298000000000000900 ) ) ;
#1103 = EDGE_CURVE ( 'NONE', #549, #2330, #2685, .T. ) ;
#1104 = DIRECTION ( 'NONE',  ( 0.0000000000000000000, -1.453110634927816200E-016, 1.000000000000000000 ) ) ;
#1105 = SURFACE_SIDE_STYLE ('',( #1220 ) ) ;
#1106 = CIRCLE ( 'NONE', #1332, 0.06250000000000008300 ) ;
#1107 = PLANE ( 'NONE',  #2689 ) ;
#1108 = LINE ( 'NONE', #1357, #260 ) ;
#1109 = PLANE ( 'NONE',  #1561 ) ;
#1110 = LINE ( 'NONE', #1249, #909 ) ;
#1111 = DIRECTION ( 'NONE',  ( 1.000000000000000000, 0.0000000000000000000, 0.0000000000000000000 ) ) ;
#1112 = ORIENTED_EDGE ( 'NONE', *, *, #1223, .F. ) ;
#1113 = ADVANCED_FACE ( 'NONE', ( #1657 ), #267, .T. ) ;
#1114 = CIRCLE ( 'NONE', #1763, 0.05349999999999999200 ) ;
#1115 = DIRECTION ( 'NONE',  ( 0.0000000000000000000, 0.0000000000000000000, 1.000000000000000000 ) ) ;
#1116 = CARTESIAN_POINT ( 'NONE',  ( -1.055000000000000200, 0.1440000000000000700, 0.1174999999999992600 ) ) ;
#1117 = ORIENTED_EDGE ( 'NONE', *, *, #1469, .F. ) ;
#1118 = CIRCLE ( 'NONE', #283, 0.08750000000000111900 ) ;
#1119 = EDGE_CURVE ( 'NONE', #1917, #2595, #2325, .T. ) ;
#1120 = CARTESIAN_POINT ( 'NONE',  ( -0.9800000000000002000, 0.2700000000000000200, -1.373000000000000900 ) ) ;
#1121 = CONICAL_SURFACE ( 'NONE', #2130, 0.06250000000000001400, 1.134464013796315100 ) ;
#1122 = FACE_OUTER_BOUND ( 'NONE', #1639, .T. ) ;
#1123 = VERTEX_POINT ( 'NONE', #2785 ) ;
#1124 = ADVANCED_FACE ( 'NONE', ( #443 ), #2581, .F. ) ;
#1125 = EDGE_LOOP ( 'NONE', ( #718, #1773, #1466, #235 ) ) ;
#1126 = MECHANICAL_DESIGN_GEOMETRIC_PRESENTATION_REPRESENTATION (  '', ( #2695 ), #996 ) ;
#1127 = ORIENTED_EDGE ( 'NONE', *, *, #2240, .F. ) ;
#1128 = VERTEX_POINT ( 'NONE', #1967 ) ;
#1129 = DIRECTION ( 'NONE',  ( 0.0000000000000000000, 0.0000000000000000000, -1.000000000000000000 ) ) ;
#1130 = ORIENTED_EDGE ( 'NONE', *, *, #950, .T. ) ;
#1131 = DIRECTION ( 'NONE',  ( 0.0000000000000000000, 1.000000000000000000, 0.0000000000000000000 ) ) ;
#1132 = EDGE_CURVE ( 'NONE', #610, #1917, #2619, .T. ) ;
#1133 = FACE_BOUND ( 'NONE', #1257, .T. ) ;
#1134 = CARTESIAN_POINT ( 'NONE',  ( 0.0000000000000000000, 0.2700000000000000200, 0.0000000000000000000 ) ) ;
#1135 = EDGE_CURVE ( 'NONE', #111, #646, #2545, .T. ) ;
#1136 = DIRECTION ( 'NONE',  ( 0.0000000000000000000, 0.0000000000000000000, -1.000000000000000000 ) ) ;
#1137 = AXIS2_PLACEMENT_3D ( 'NONE', #1267, #618, #2794 ) ;
#1138 = DIRECTION ( 'NONE',  ( 0.0000000000000000000, 1.000000000000000000, 0.0000000000000000000 ) ) ;
#1139 = DIRECTION ( 'NONE',  ( 0.0000000000000000000, 0.0000000000000000000, 1.000000000000000000 ) ) ;
#1140 = DIRECTION ( 'NONE',  ( -0.0000000000000000000, -1.000000000000000000, -0.0000000000000000000 ) ) ;
#1141 = VECTOR ( 'NONE', #816, 39.37007874015748100 ) ;
#1142 = CARTESIAN_POINT ( 'NONE',  ( 0.8725000000000000500, 0.09000000000000001100, 1.171500000000000000 ) ) ;
#1143 = DIRECTION ( 'NONE',  ( 0.0000000000000000000, -1.453110634927782100E-016, 1.000000000000000000 ) ) ;
#1144 = EDGE_CURVE ( 'NONE', #1252, #548, #130, .T. ) ;
#1145 = LINE ( 'NONE', #2254, #1456 ) ;
#1146 = DIRECTION ( 'NONE',  ( 1.000000000000000000, 0.0000000000000000000, 0.0000000000000000000 ) ) ;
#1147 = CIRCLE ( 'NONE', #1434, 0.06249999999999995100 ) ;
#1148 = DIRECTION ( 'NONE',  ( -1.000000000000000000, 0.0000000000000000000, 9.948463196155365400E-017 ) ) ;
#1149 = CARTESIAN_POINT ( 'NONE',  ( -0.8725000000000001600, 0.2100000000000000200, 1.046000000000000000 ) ) ;
#1150 = DIRECTION ( 'NONE',  ( 0.0000000000000000000, 0.0000000000000000000, 1.000000000000000000 ) ) ;
#1151 = ADVANCED_FACE ( 'NONE', ( #2825 ), #185, .F. ) ;
#1152 = VECTOR ( 'NONE', #2788, 39.37007874015748100 ) ;
#1153 = AXIS2_PLACEMENT_3D ( 'NONE', #776, #2085, #1188 ) ;
#1154 = CARTESIAN_POINT ( 'NONE',  ( 1.043342308546124900, 0.1440000000000000700, 0.1574999999999976100 ) ) ;
#1155 = CYLINDRICAL_SURFACE ( 'NONE', #1994, 0.06250000000000008300 ) ;
#1156 = ORIENTED_EDGE ( 'NONE', *, *, #595, .T. ) ;
#1157 = EDGE_CURVE ( 'NONE', #1807, #2378, #230, .T. ) ;
#1158 = EDGE_LOOP ( 'NONE', ( #2017, #278, #405, #1996 ) ) ;
#1159 = AXIS2_PLACEMENT_3D ( 'NONE', #303, #2297, #2035 ) ;
#1160 = VERTEX_POINT ( 'NONE', #1952 ) ;
#1161 = CARTESIAN_POINT ( 'NONE',  ( -1.005000000000000100, 0.0000000000000000000, -1.298000000000000900 ) ) ;
#1162 = CARTESIAN_POINT ( 'NONE',  ( 1.054999999999999900, 0.1440000000000000700, 0.7234999999999978100 ) ) ;
#1163 = ORIENTED_EDGE ( 'NONE', *, *, #1066, .F. ) ;
#1164 = VERTEX_POINT ( 'NONE', #636 ) ;
#1165 = ORIENTED_EDGE ( 'NONE', *, *, #857, .T. ) ;
#1166 = COLOUR_RGB ( '',0.7529411764705882200, 0.7529411764705882200, 0.7529411764705882200 ) ;
#1167 = EDGE_CURVE ( 'NONE', #1160, #1237, #1871, .T. ) ;
#1168 = CARTESIAN_POINT ( 'NONE',  ( -1.043342308546124900, 0.1440000000000000200, -0.1175000000000006900 ) ) ;
#1169 = DIRECTION ( 'NONE',  ( -0.0000000000000000000, 0.0000000000000000000, 1.000000000000000000 ) ) ;
#1170 = CARTESIAN_POINT ( 'NONE',  ( -1.055000000000000200, 0.05649999999999965500, 0.1174999999999992400 ) ) ;
#1171 = AXIS2_PLACEMENT_3D ( 'NONE', #2510, #2294, #1213 ) ;
#1172 = CIRCLE ( 'NONE', #2081, 0.1250000000000000300 ) ;
#1173 = EDGE_LOOP ( 'NONE', ( #1595, #1117, #2117, #2268 ) ) ;
#1174 = CIRCLE ( 'NONE', #591, 0.07499999999999988600 ) ;
#1175 = FACE_OUTER_BOUND ( 'NONE', #2555, .T. ) ;
#1176 = LINE ( 'NONE', #419, #25 ) ;
#1177 = AXIS2_PLACEMENT_3D ( 'NONE', #1476, #994, #2543 ) ;
#1178 = VECTOR ( 'NONE', #1274, 39.37007874015748100 ) ;
#1179 = CARTESIAN_POINT ( 'NONE',  ( 1.043342308546124900, 0.08150000000000000300, 0.3925000000000004000 ) ) ;
#1180 = EDGE_LOOP ( 'NONE', ( #750, #1253 ) ) ;
#1181 = LINE ( 'NONE', #441, #299 ) ;
#1182 = EDGE_CURVE ( 'NONE', #2313, #1602, #2045, .T. ) ;
#1183 = CYLINDRICAL_SURFACE ( 'NONE', #1586, 0.07499999999999988600 ) ;
#1184 = DIRECTION ( 'NONE',  ( 9.948463196155366600E-017, -1.453110634927816200E-016, 1.000000000000000000 ) ) ;
#1185 = COLOUR_RGB ( '',0.7529411764705882200, 0.7529411764705882200, 0.7529411764705882200 ) ;
#1186 = CYLINDRICAL_SURFACE ( 'NONE', #1980, 0.07500000000000002500 ) ;
#1187 = CARTESIAN_POINT ( 'NONE',  ( -0.8725000000000001600, 0.08000000000000002900, 1.171000000000000000 ) ) ;
#1188 = DIRECTION ( 'NONE',  ( 0.0000000000000000000, 0.0000000000000000000, 1.000000000000000000 ) ) ;
#1189 = CIRCLE ( 'NONE', #1670, 0.02499999999999987000 ) ;
#1190 = FACE_OUTER_BOUND ( 'NONE', #1666, .T. ) ;
#1191 = AXIS2_PLACEMENT_3D ( 'NONE', #266, #59, #930 ) ;
#1192 = VERTEX_POINT ( 'NONE', #1731 ) ;
#1193 = CARTESIAN_POINT ( 'NONE',  ( -0.8725000000000001600, 0.08000000000000002900, 1.296000000000000000 ) ) ;
#1194 = ORIENTED_EDGE ( 'NONE', *, *, #2318, .T. ) ;
#1195 = ORIENTED_EDGE ( 'NONE', *, *, #1823, .F. ) ;
#1196 = ADVANCED_FACE ( 'NONE', ( #1900 ), #882, .F. ) ;
#1197 = ORIENTED_EDGE ( 'NONE', *, *, #1378, .T. ) ;
#1198 = ORIENTED_EDGE ( 'NONE', *, *, #2734, .F. ) ;
#1199 = AXIS2_PLACEMENT_3D ( 'NONE', #158, #378, #2377 ) ;
#1200 = ORIENTED_EDGE ( 'NONE', *, *, #2820, .F. ) ;
#1201 = CARTESIAN_POINT ( 'NONE',  ( 1.054999999999999700, 0.05650000000000018900, -0.9694999999999997000 ) ) ;
#1202 = CARTESIAN_POINT ( 'NONE',  ( 1.024999999999996800, 0.2700000000000000200, -1.323000000000000200 ) ) ;
#1203 = CYLINDRICAL_SURFACE ( 'NONE', #2043, 0.05349999999999999200 ) ;
#1204 = CARTESIAN_POINT ( 'NONE',  ( 1.043342308546124200, 0.08150000000000004500, -0.1735000000000019600 ) ) ;
#1205 = EDGE_CURVE ( 'NONE', #2029, #2611, #370, .T. ) ;
#1206 = EDGE_LOOP ( 'NONE', ( #2089, #1634, #669, #459 ) ) ;
#1207 = ORIENTED_EDGE ( 'NONE', *, *, #1618, .F. ) ;
#1208 = CARTESIAN_POINT ( 'NONE',  ( -1.055000000000000200, 0.05000000000000001000, -1.373000000000000900 ) ) ;
#1209 = CYLINDRICAL_SURFACE ( 'NONE', #2642, 0.06250000000000001400 ) ;
#1210 = ADVANCED_FACE ( 'NONE', ( #2110 ), #2153, .F. ) ;
#1211 = CARTESIAN_POINT ( 'NONE',  ( -0.8725000000000001600, 0.09000000000000001100, 1.171000000000000000 ) ) ;
#1212 = VERTEX_POINT ( 'NONE', #1533 ) ;
#1213 = DIRECTION ( 'NONE',  ( 0.0000000000000000000, 0.0000000000000000000, -1.000000000000000000 ) ) ;
#1214 = FACE_OUTER_BOUND ( 'NONE', #961, .T. ) ;
#1215 = ORIENTED_EDGE ( 'NONE', *, *, #632, .T. ) ;
#1216 = FACE_OUTER_BOUND ( 'NONE', #360, .T. ) ;
#1217 = VECTOR ( 'NONE', #766, 39.37007874015748100 ) ;
#1218 = EDGE_CURVE ( 'NONE', #958, #1815, #1181, .T. ) ;
#1219 = CARTESIAN_POINT ( 'NONE',  ( 0.9049999999999998000, 0.1440000000000000700, 0.09499999999999758600 ) ) ;
#1220 = SURFACE_STYLE_FILL_AREA ( #687 ) ;
#1221 = FACE_BOUND ( 'NONE', #1793, .T. ) ;
#1222 = ORIENTED_EDGE ( 'NONE', *, *, #296, .T. ) ;
#1223 = EDGE_CURVE ( 'NONE', #1884, #1212, #506, .T. ) ;
#1224 = DIRECTION ( 'NONE',  ( 0.0000000000000000000, 0.0000000000000000000, 1.000000000000000000 ) ) ;
#1225 = DIRECTION ( 'NONE',  ( 1.000000000000000000, -0.0000000000000000000, -9.948463196155369100E-017 ) ) ;
#1226 = EDGE_LOOP ( 'NONE', ( #205, #2694, #813, #2796 ) ) ;
#1227 = ORIENTED_EDGE ( 'NONE', *, *, #2162, .T. ) ;
#1228 = ORIENTED_EDGE ( 'NONE', *, *, #929, .F. ) ;
#1229 = CARTESIAN_POINT ( 'NONE',  ( 1.054999999999999700, 0.05649999999999887800, -0.1735000000000019600 ) ) ;
#1230 = ORIENTED_EDGE ( 'NONE', *, *, #219, .F. ) ;
#1231 = EDGE_LOOP ( 'NONE', ( #1258, #1767, #1394, #2343 ) ) ;
#1232 = DIRECTION ( 'NONE',  ( 0.0000000000000000000, 0.0000000000000000000, 1.000000000000000000 ) ) ;
#1233 = FACE_BOUND ( 'NONE', #1011, .T. ) ;
#1234 =( NAMED_UNIT ( * ) PLANE_ANGLE_UNIT ( ) SI_UNIT ( $, .RADIAN. ) );
#1235 = EDGE_CURVE ( 'NONE', #1543, #548, #1325, .T. ) ;
#1236 = DIRECTION ( 'NONE',  ( -0.9063077870366480500, -0.4226182617407036600, -1.952966960287483100E-018 ) ) ;
#1237 = VERTEX_POINT ( 'NONE', #842 ) ;
#1238 = DIRECTION ( 'NONE',  ( 0.0000000000000000000, 0.0000000000000000000, -1.000000000000000000 ) ) ;
#1239 = AXIS2_PLACEMENT_3D ( 'NONE', #2557, #2142, #2777 ) ;
#1240 = CARTESIAN_POINT ( 'NONE',  ( -0.9050000000000000300, 0.08150000000000000300, -0.1175000000000007100 ) ) ;
#1241 = AXIS2_PLACEMENT_3D ( 'NONE', #372, #1892, #1443 ) ;
#1242 = ORIENTED_EDGE ( 'NONE', *, *, #1006, .F. ) ;
#1243 = CIRCLE ( 'NONE', #2376, 0.05349999999999999200 ) ;
#1244 = EDGE_LOOP ( 'NONE', ( #307, #1555, #814, #2091 ) ) ;
#1245 = VECTOR ( 'NONE', #788, 39.37007874015748900 ) ;
#1246 = ADVANCED_FACE ( 'NONE', ( #2008 ), #853, .F. ) ;
#1247 = FACE_OUTER_BOUND ( 'NONE', #1630, .T. ) ;
#1248 = EDGE_LOOP ( 'NONE', ( #2267, #298, #167, #2569, #2438 ) ) ;
#1249 = CARTESIAN_POINT ( 'NONE',  ( -1.024999999999996800, 0.08000000000000002900, -1.323000000000000200 ) ) ;
#1250 = DIRECTION ( 'NONE',  ( 1.000000000000000000, -0.0000000000000000000, -9.948463196155370300E-017 ) ) ;
#1251 = FACE_OUTER_BOUND ( 'NONE', #2265, .T. ) ;
#1252 = VERTEX_POINT ( 'NONE', #452 ) ;
#1253 = ORIENTED_EDGE ( 'NONE', *, *, #2402, .T. ) ;
#1254 = CARTESIAN_POINT ( 'NONE',  ( -1.024999999999996800, 0.08150000000000000300, -0.1175000000000006900 ) ) ;
#1255 = ORIENTED_EDGE ( 'NONE', *, *, #2087, .T. ) ;
#1256 = EDGE_CURVE ( 'NONE', #442, #212, #914, .T. ) ;
#1257 = EDGE_LOOP ( 'NONE', ( #2456, #42, #2759, #1491, #744 ) ) ;
#1258 = ORIENTED_EDGE ( 'NONE', *, *, #1517, .T. ) ;
#1259 = DIRECTION ( 'NONE',  ( 1.000000000000000000, 0.0000000000000000000, 0.0000000000000000000 ) ) ;
#1260 = CARTESIAN_POINT ( 'NONE',  ( 0.8724999999999999400, 0.08000000000000002900, -1.046500000000000000 ) ) ;
#1261 = ORIENTED_EDGE ( 'NONE', *, *, #1078, .F. ) ;
#1262 = EDGE_CURVE ( 'NONE', #1324, #322, #737, .T. ) ;
#1263 = ORIENTED_EDGE ( 'NONE', *, *, #463, .T. ) ;
#1264 = DIRECTION ( 'NONE',  ( 0.0000000000000000000, -0.0000000000000000000, 1.000000000000000000 ) ) ;
#1265 = DIRECTION ( 'NONE',  ( 0.0000000000000000000, 0.0000000000000000000, -1.000000000000000000 ) ) ;
#1266 = CARTESIAN_POINT ( 'NONE',  ( 0.8725000000000000500, 0.2100000000000000200, 1.296500000000000000 ) ) ;
#1267 = CARTESIAN_POINT ( 'NONE',  ( 0.9799999999999997600, 0.05000000000000000300, -1.323000000000000800 ) ) ;
#1268 = AXIS2_PLACEMENT_3D ( 'NONE', #849, #2133, #1500 ) ;
#1269 = DIRECTION ( 'NONE',  ( 1.000000000000000000, 0.0000000000000000000, 0.0000000000000000000 ) ) ;
#1270 = DIRECTION ( 'NONE',  ( -9.948463196155366600E-017, 1.453110634927782600E-016, -1.000000000000000000 ) ) ;
#1271 = EDGE_LOOP ( 'NONE', ( #702, #856, #1827, #1740 ) ) ;
#1272 = DIRECTION ( 'NONE',  ( -0.0000000000000000000, 1.000000000000000000, -0.0000000000000000000 ) ) ;
#1273 = EDGE_CURVE ( 'NONE', #2631, #111, #90, .T. ) ;
#1274 = DIRECTION ( 'NONE',  ( 1.000000000000000000, 0.0000000000000000000, 0.0000000000000000000 ) ) ;
#1275 = DIRECTION ( 'NONE',  ( 0.0000000000000000000, 0.0000000000000000000, 1.000000000000000000 ) ) ;
#1276 = DIRECTION ( 'NONE',  ( -1.000000000000000000, 0.0000000000000000000, 9.948463196155365400E-017 ) ) ;
#1277 = ORIENTED_EDGE ( 'NONE', *, *, #1794, .F. ) ;
#1278 = FACE_BOUND ( 'NONE', #580, .T. ) ;
#1279 = DIRECTION ( 'NONE',  ( 0.0000000000000000000, -1.000000000000000000, 0.0000000000000000000 ) ) ;
#1280 = CIRCLE ( 'NONE', #211, 0.06249999999999995100 ) ;
#1281 = EDGE_CURVE ( 'NONE', #1372, #854, #1428, .T. ) ;
#1282 = DIRECTION ( 'NONE',  ( 0.0000000000000000000, 1.000000000000000000, 0.0000000000000000000 ) ) ;
#1283 = DIRECTION ( 'NONE',  ( 0.0000000000000000000, 0.0000000000000000000, -1.000000000000000000 ) ) ;
#1284 = AXIS2_PLACEMENT_3D ( 'NONE', #1162, #83, #1606 ) ;
#1285 = VERTEX_POINT ( 'NONE', #1100 ) ;
#1286 = LINE ( 'NONE', #719, #1359 ) ;
#1287 = PLANE ( 'NONE',  #903 ) ;
#1288 = DIRECTION ( 'NONE',  ( -0.4226182617406996600, 0.9063077870366498300, 0.0000000000000000000 ) ) ;
#1289 = VECTOR ( 'NONE', #2707, 39.37007874015748100 ) ;
#1290 = AXIS2_PLACEMENT_3D ( 'NONE', #1306, #1527, #444 ) ;
#1291 = CARTESIAN_POINT ( 'NONE',  ( 0.9799999999999997600, 0.2700000000000000200, -1.373000000000000900 ) ) ;
#1292 = LINE ( 'NONE', #1398, #2626 ) ;
#1293 = CARTESIAN_POINT ( 'NONE',  ( 0.8725000000000000500, 0.09000000000000001100, 1.171500000000000000 ) ) ;
#1294 = FACE_OUTER_BOUND ( 'NONE', #206, .T. ) ;
#1295 = EDGE_CURVE ( 'NONE', #1663, #749, #156, .T. ) ;
#1296 = ORIENTED_EDGE ( 'NONE', *, *, #899, .T. ) ;
#1297 = CARTESIAN_POINT ( 'NONE',  ( -1.055000000000000200, 0.1440000000000000700, 0.2049999999999996800 ) ) ;
#1298 = ORIENTED_EDGE ( 'NONE', *, *, #547, .F. ) ;
#1299 = DIRECTION ( 'NONE',  ( 9.948463196155365400E-017, -0.0000000000000000000, 1.000000000000000000 ) ) ;
#1300 = ORIENTED_EDGE ( 'NONE', *, *, #1144, .T. ) ;
#1301 = VERTEX_POINT ( 'NONE', #1792 ) ;
#1302 = CARTESIAN_POINT ( 'NONE',  ( -0.8725000000000001600, 0.08000000000000002900, -1.171000000000000000 ) ) ;
#1303 = ORIENTED_EDGE ( 'NONE', *, *, #2590, .F. ) ;
#1304 = ORIENTED_EDGE ( 'NONE', *, *, #2590, .T. ) ;
#1305 = AXIS2_PLACEMENT_3D ( 'NONE', #2275, #1596, #934 ) ;
#1306 = CARTESIAN_POINT ( 'NONE',  ( 1.043342308546125300, 0.08150000000000000300, -0.7345000000000023700 ) ) ;
#1307 = EDGE_CURVE ( 'NONE', #1816, #322, #1081, .T. ) ;
#1308 = DIRECTION ( 'NONE',  ( -9.948463196155366600E-017, -2.179665952391699700E-016, -1.000000000000000000 ) ) ;
#1309 = AXIS2_PLACEMENT_3D ( 'NONE', #2383, #1068, #238 ) ;
#1310 = CARTESIAN_POINT ( 'NONE',  ( 0.8724999999999999400, 0.09000000000000001100, -1.171500000000000000 ) ) ;
#1311 = CARTESIAN_POINT ( 'NONE',  ( 1.043342308546124900, 0.2065000000000000400, 0.3925000000000004000 ) ) ;
#1312 = ORIENTED_EDGE ( 'NONE', *, *, #1829, .T. ) ;
#1313 = ADVANCED_FACE ( 'NONE', ( #2754 ), #1107, .F. ) ;
#1314 = DIRECTION ( 'NONE',  ( -0.4226182617406881700, -0.9063077870366551500, 0.0000000000000000000 ) ) ;
#1315 = DIRECTION ( 'NONE',  ( -9.948463196155364200E-017, -0.0000000000000000000, -1.000000000000000000 ) ) ;
#1316 = DIRECTION ( 'NONE',  ( 0.0000000000000000000, 0.0000000000000000000, 1.000000000000000000 ) ) ;
#1317 = DIRECTION ( 'NONE',  ( -0.0000000000000000000, 1.000000000000000000, -0.0000000000000000000 ) ) ;
#1318 = CARTESIAN_POINT ( 'NONE',  ( 0.9799999999999999800, 0.05000000000000001000, 1.297999999999999200 ) ) ;
#1319 = CYLINDRICAL_SURFACE ( 'NONE', #15, 0.06250000000000000000 ) ;
#1320 = CIRCLE ( 'NONE', #1489, 0.08750000000000111900 ) ;
#1321 = AXIS2_PLACEMENT_3D ( 'NONE', #181, #2293, #1708 ) ;
#1322 = DIRECTION ( 'NONE',  ( 9.948463196155366600E-017, -2.179665952391724100E-016, 1.000000000000000000 ) ) ;
#1323 = EDGE_CURVE ( 'NONE', #1301, #1564, #1808, .T. ) ;
#1324 = VERTEX_POINT ( 'NONE', #1758 ) ;
#1325 = CIRCLE ( 'NONE', #1137, 0.05000000000000001000 ) ;
#1326 = DIRECTION ( 'NONE',  ( 0.0000000000000000000, 0.0000000000000000000, 1.000000000000000000 ) ) ;
#1327 = AXIS2_PLACEMENT_3D ( 'NONE', #1873, #126, #2502 ) ;
#1328 = CIRCLE ( 'NONE', #1940, 0.07500000000000002500 ) ;
#1329 = CARTESIAN_POINT ( 'NONE',  ( 1.054999999999999700, 0.1440000000000000700, -0.4084999999999993600 ) ) ;
#1330 =( NAMED_UNIT ( * ) SI_UNIT ( $, .STERADIAN. ) SOLID_ANGLE_UNIT ( ) );
#1331 = CIRCLE ( 'NONE', #1450, 0.06250000000000008300 ) ;
#1332 = AXIS2_PLACEMENT_3D ( 'NONE', #2520, #2744, #1232 ) ;
#1333 = ORIENTED_EDGE ( 'NONE', *, *, #1093, .T. ) ;
#1334 = DIRECTION ( 'NONE',  ( -0.0000000000000000000, -0.0000000000000000000, 1.000000000000000000 ) ) ;
#1335 = EDGE_LOOP ( 'NONE', ( #1842, #1200, #1782, #2643 ) ) ;
#1336 = ORIENTED_EDGE ( 'NONE', *, *, #2766, .F. ) ;
#1337 = ORIENTED_EDGE ( 'NONE', *, *, #1934, .T. ) ;
#1338 = CARTESIAN_POINT ( 'NONE',  ( -0.8725000000000001600, 0.2100000000000000200, 1.171000000000000000 ) ) ;
#1339 = EDGE_CURVE ( 'NONE', #212, #863, #949, .T. ) ;
#1340 = ORIENTED_EDGE ( 'NONE', *, *, #1628, .T. ) ;
#1341 = ORIENTED_EDGE ( 'NONE', *, *, #1829, .F. ) ;
#1342 = ORIENTED_EDGE ( 'NONE', *, *, #2722, .F. ) ;
#1343 = DIRECTION ( 'NONE',  ( 0.0000000000000000000, 0.0000000000000000000, -1.000000000000000000 ) ) ;
#1344 = VECTOR ( 'NONE', #2326, 39.37007874015748100 ) ;
#1345 = CARTESIAN_POINT ( 'NONE',  ( 1.024999999999996800, 0.08150000000000000300, -0.7345000000000023700 ) ) ;
#1346 = AXIS2_PLACEMENT_3D ( 'NONE', #940, #489, #256 ) ;
#1347 = ADVANCED_FACE ( 'NONE', ( #843 ), #198, .T. ) ;
#1348 = CARTESIAN_POINT ( 'NONE',  ( 1.054999999999999900, 0.2314999999999999300, 0.7234999999999978100 ) ) ;
#1349 = VERTEX_POINT ( 'NONE', #895 ) ;
#1350 = CARTESIAN_POINT ( 'NONE',  ( -0.8725000000000001600, 0.09000000000000001100, 1.224499999999999900 ) ) ;
#1351 = AXIS2_PLACEMENT_3D ( 'NONE', #660, #1299, #221 ) ;
#1352 = EDGE_CURVE ( 'NONE', #650, #2029, #2516, .T. ) ;
#1353 = ORIENTED_EDGE ( 'NONE', *, *, #1218, .F. ) ;
#1354 = VECTOR ( 'NONE', #2009, 39.37007874015748100 ) ;
#1355 = VECTOR ( 'NONE', #193, 39.37007874015748100 ) ;
#1356 = CIRCLE ( 'NONE', #2473, 0.07500000000000002500 ) ;
#1357 = CARTESIAN_POINT ( 'NONE',  ( 0.0000000000000000000, 0.0000000000000000000, 1.322999999999999300 ) ) ;
#1358 = ORIENTED_EDGE ( 'NONE', *, *, #2, .T. ) ;
#1359 = VECTOR ( 'NONE', #64, 39.37007874015748900 ) ;
#1360 = ADVANCED_FACE ( 'NONE', ( #772 ), #690, .F. ) ;
#1361 = AXIS2_PLACEMENT_3D ( 'NONE', #415, #2163, #2341 ) ;
#1362 = DIRECTION ( 'NONE',  ( 0.0000000000000000000, 0.0000000000000000000, -1.000000000000000000 ) ) ;
#1363 = VECTOR ( 'NONE', #1526, 39.37007874015748100 ) ;
#1364 = CARTESIAN_POINT ( 'NONE',  ( 1.024999999999996800, 0.1440000000000000200, 0.9585000000000005700 ) ) ;
#1365 = FACE_OUTER_BOUND ( 'NONE', #664, .T. ) ;
#1366 = CARTESIAN_POINT ( 'NONE',  ( 0.8724999999999999400, 0.08000000000000002900, -1.171500000000000000 ) ) ;
#1367 = DIRECTION ( 'NONE',  ( 0.0000000000000000000, 0.0000000000000000000, 1.000000000000000000 ) ) ;
#1368 = FACE_OUTER_BOUND ( 'NONE', #383, .T. ) ;
#1369 = ORIENTED_EDGE ( 'NONE', *, *, #1579, .T. ) ;
#1370 = CARTESIAN_POINT ( 'NONE',  ( 1.024999999999996800, 0.2065000000000000400, 0.9585000000000005700 ) ) ;
#1371 = EDGE_LOOP ( 'NONE', ( #686, #2194, #104, #14 ) ) ;
#1372 = VERTEX_POINT ( 'NONE', #1989 ) ;
#1373 = VERTEX_POINT ( 'NONE', #676 ) ;
#1374 = DIRECTION ( 'NONE',  ( 1.000000000000000000, -0.0000000000000000000, -9.948463196155370300E-017 ) ) ;
#1375 = VERTEX_POINT ( 'NONE', #1345 ) ;
#1376 = ORIENTED_EDGE ( 'NONE', *, *, #333, .T. ) ;
#1377 = ADVANCED_FACE ( 'NONE', ( #1008 ), #2323, .F. ) ;
#1378 = EDGE_CURVE ( 'NONE', #854, #815, #63, .T. ) ;
#1379 = DIRECTION ( 'NONE',  ( -1.000000000000000000, 0.0000000000000000000, 0.0000000000000000000 ) ) ;
#1380 = CARTESIAN_POINT ( 'NONE',  ( 0.9049999999999998000, 0.08150000000000011400, -0.4084999999999993600 ) ) ;
#1381 = DIRECTION ( 'NONE',  ( 1.000000000000000000, 0.0000000000000000000, 0.0000000000000000000 ) ) ;
#1382 = AXIS2_PLACEMENT_3D ( 'NONE', #1512, #2197, #1275 ) ;
#1383 = DIRECTION ( 'NONE',  ( 0.0000000000000000000, 0.0000000000000000000, -1.000000000000000000 ) ) ;
#1384 = DIRECTION ( 'NONE',  ( 1.000000000000000000, 0.0000000000000000000, 0.0000000000000000000 ) ) ;
#1385 = ORIENTED_EDGE ( 'NONE', *, *, #2610, .F. ) ;
#1386 = DIRECTION ( 'NONE',  ( -1.000000000000000000, -0.0000000000000000000, -0.0000000000000000000 ) ) ;
#1387 = AXIS2_PLACEMENT_3D ( 'NONE', #2312, #2776, #160 ) ;
#1388 = ADVANCED_FACE ( 'NONE', ( #771 ), #2107, .T. ) ;
#1389 = DIRECTION ( 'NONE',  ( 1.000000000000000000, -0.0000000000000000000, -9.948463196155370300E-017 ) ) ;
#1390 = VECTOR ( 'NONE', #52, 39.37007874015748100 ) ;
#1391 = CARTESIAN_POINT ( 'NONE',  ( -1.055000000000000200, 0.2700000000000000200, -1.298000000000000900 ) ) ;
#1392 = EDGE_CURVE ( 'NONE', #2611, #76, #1730, .T. ) ;
#1393 = LINE ( 'NONE', #2342, #2646 ) ;
#1394 = ORIENTED_EDGE ( 'NONE', *, *, #145, .F. ) ;
#1395 = VECTOR ( 'NONE', #102, 39.37007874015748100 ) ;
#1396 = DIRECTION ( 'NONE',  ( 0.0000000000000000000, 0.0000000000000000000, 1.000000000000000000 ) ) ;
#1397 = CARTESIAN_POINT ( 'NONE',  ( 1.043342308546125300, 0.08150000000000007200, -0.9694999999999997000 ) ) ;
#1398 = CARTESIAN_POINT ( 'NONE',  ( 0.9049999999999999200, 0.08150000000000007200, 0.7234999999999978100 ) ) ;
#1399 = FACE_OUTER_BOUND ( 'NONE', #8, .T. ) ;
#1400 = AXIS2_PLACEMENT_3D ( 'NONE', #1788, #730, #294 ) ;
#1401 = DIRECTION ( 'NONE',  ( 1.000000000000000000, -0.0000000000000000000, -9.948463196155370300E-017 ) ) ;
#1402 = LINE ( 'NONE', #932, #1051 ) ;
#1403 = ORIENTED_EDGE ( 'NONE', *, *, #2671, .F. ) ;
#1404 = ORIENTED_EDGE ( 'NONE', *, *, #226, .T. ) ;
#1405 = ORIENTED_EDGE ( 'NONE', *, *, #1273, .T. ) ;
#1406 = AXIS2_PLACEMENT_3D ( 'NONE', #672, #2025, #2003 ) ;
#1407 = DIRECTION ( 'NONE',  ( -1.000000000000000000, -0.0000000000000000000, 9.948463196155367900E-017 ) ) ;
#1408 = ORIENTED_EDGE ( 'NONE', *, *, #403, .T. ) ;
#1409 = VERTEX_POINT ( 'NONE', #1578 ) ;
#1410 = ORIENTED_EDGE ( 'NONE', *, *, #321, .T. ) ;
#1411 = VERTEX_POINT ( 'NONE', #2461 ) ;
#1412 = DIRECTION ( 'NONE',  ( 1.000000000000000000, 0.0000000000000000000, 0.0000000000000000000 ) ) ;
#1413 = CARTESIAN_POINT ( 'NONE',  ( 0.9049999999999995800, 0.1440000000000000700, -0.9694999999999997000 ) ) ;
#1414 = DIRECTION ( 'NONE',  ( -0.0000000000000000000, 1.000000000000000000, -0.0000000000000000000 ) ) ;
#1415 = EDGE_CURVE ( 'NONE', #1924, #94, #1286, .T. ) ;
#1416 = CARTESIAN_POINT ( 'NONE',  ( 1.024999999999996800, 0.08149999999999979500, 1.323000000000000200 ) ) ;
#1417 = ORIENTED_EDGE ( 'NONE', *, *, #2734, .T. ) ;
#1418 = CARTESIAN_POINT ( 'NONE',  ( 0.8724999999999999400, 0.2100000000000000200, -1.224999999999999900 ) ) ;
#1419 = EDGE_CURVE ( 'NONE', #720, #392, #1621, .T. ) ;
#1420 = FACE_OUTER_BOUND ( 'NONE', #2634, .T. ) ;
#1421 = LINE ( 'NONE', #924, #1760 ) ;
#1422 = DIRECTION ( 'NONE',  ( 0.0000000000000000000, 0.0000000000000000000, -1.000000000000000000 ) ) ;
#1423 = FACE_OUTER_BOUND ( 'NONE', #51, .T. ) ;
#1424 = CARTESIAN_POINT ( 'NONE',  ( 0.9049999999999998000, 0.1440000000000000700, -0.4084999999999993600 ) ) ;
#1425 = VERTEX_POINT ( 'NONE', #96 ) ;
#1426 = VECTOR ( 'NONE', #118, 39.37007874015748100 ) ;
#1427 = EDGE_CURVE ( 'NONE', #454, #922, #1492, .T. ) ;
#1428 = CIRCLE ( 'NONE', #300, 0.06249999999999997900 ) ;
#1429 = CARTESIAN_POINT ( 'NONE',  ( 0.9049999999999998000, 0.08150000000000000300, 0.3925000000000004000 ) ) ;
#1430 = DIRECTION ( 'NONE',  ( -0.4226182617406975500, -0.9063077870366508200, -1.237947554829191300E-015 ) ) ;
#1431 = DIRECTION ( 'NONE',  ( 0.0000000000000000000, 0.0000000000000000000, -1.000000000000000000 ) ) ;
#1432 = CARTESIAN_POINT ( 'NONE',  ( 0.8724999999999999400, 0.09000000000000001100, -1.224999999999999900 ) ) ;
#1433 = LINE ( 'NONE', #787, #2521 ) ;
#1434 = AXIS2_PLACEMENT_3D ( 'NONE', #540, #757, #1150 ) ;
#1435 = ORIENTED_EDGE ( 'NONE', *, *, #475, .F. ) ;
#1436 = CARTESIAN_POINT ( 'NONE',  ( 1.054999999999999700, 0.2315000000000013700, -1.373000000000000900 ) ) ;
#1437 = CARTESIAN_POINT ( 'NONE',  ( -1.055000000000000200, 0.05000000000000001000, -1.298000000000000900 ) ) ;
#1438 = ORIENTED_EDGE ( 'NONE', *, *, #247, .T. ) ;
#1439 = ORIENTED_EDGE ( 'NONE', *, *, #1182, .T. ) ;
#1440 = ORIENTED_EDGE ( 'NONE', *, *, #178, .F. ) ;
#1441 = AXIS2_PLACEMENT_3D ( 'NONE', #2826, #1513, #2356 ) ;
#1442 = VERTEX_POINT ( 'NONE', #2028 ) ;
#1443 = DIRECTION ( 'NONE',  ( -9.948463196155366600E-017, 2.179665952391673600E-016, -1.000000000000000000 ) ) ;
#1444 = DIRECTION ( 'NONE',  ( -0.0000000000000000000, -1.000000000000000000, -0.0000000000000000000 ) ) ;
#1445 = EDGE_CURVE ( 'NONE', #1212, #1080, #2041, .T. ) ;
#1446 = CARTESIAN_POINT ( 'NONE',  ( 1.054999999999999700, 0.05650000000000064700, -1.373000000000000900 ) ) ;
#1447 = ORIENTED_EDGE ( 'NONE', *, *, #769, .T. ) ;
#1448 = CARTESIAN_POINT ( 'NONE',  ( 0.9049999999999995800, 0.2065000000000000700, -0.9694999999999997000 ) ) ;
#1449 = DIRECTION ( 'NONE',  ( 1.000000000000000000, -0.0000000000000000000, 0.0000000000000000000 ) ) ;
#1450 = AXIS2_PLACEMENT_3D ( 'NONE', #1364, #1146, #2061 ) ;
#1451 = EDGE_CURVE ( 'NONE', #1123, #2675, #1145, .T. ) ;
#1452 = CARTESIAN_POINT ( 'NONE',  ( 0.8725000000000000500, 0.2100000000000000200, 1.046500000000000000 ) ) ;
#1453 = CARTESIAN_POINT ( 'NONE',  ( 0.8725000000000000500, 0.2100000000000000200, 1.171500000000000000 ) ) ;
#1454 = FACE_OUTER_BOUND ( 'NONE', #2400, .T. ) ;
#1455 = CIRCLE ( 'NONE', #1930, 0.02499999999999987000 ) ;
#1456 = VECTOR ( 'NONE', #308, 39.37007874015748100 ) ;
#1457 = DIRECTION ( 'NONE',  ( 1.000000000000000000, 0.0000000000000000000, 0.0000000000000000000 ) ) ;
#1458 = ORIENTED_EDGE ( 'NONE', *, *, #333, .F. ) ;
#1459 = VECTOR ( 'NONE', #2173, 39.37007874015748900 ) ;
#1460 = CIRCLE ( 'NONE', #263, 0.05000000000000001000 ) ;
#1461 = CYLINDRICAL_SURFACE ( 'NONE', #1346, 0.05349999999999999200 ) ;
#1462 = ORIENTED_EDGE ( 'NONE', *, *, #1132, .T. ) ;
#1463 = EDGE_CURVE ( 'NONE', #76, #1565, #329, .T. ) ;
#1464 = CARTESIAN_POINT ( 'NONE',  ( 1.054999999999999900, 0.2700000000000000200, 1.297999999999999200 ) ) ;
#1465 = DIRECTION ( 'NONE',  ( 0.0000000000000000000, 1.000000000000000000, 0.0000000000000000000 ) ) ;
#1466 = ORIENTED_EDGE ( 'NONE', *, *, #1256, .F. ) ;
#1467 = EDGE_LOOP ( 'NONE', ( #1709, #755, #166, #2005 ) ) ;
#1468 = ORIENTED_EDGE ( 'NONE', *, *, #1794, .T. ) ;
#1469 = EDGE_CURVE ( 'NONE', #2378, #2491, #875, .T. ) ;
#1470 = AXIS2_PLACEMENT_3D ( 'NONE', #2371, #2793, #828 ) ;
#1471 = ORIENTED_EDGE ( 'NONE', *, *, #1803, .T. ) ;
#1472 = DIRECTION ( 'NONE',  ( 0.0000000000000000000, -2.179665952391699700E-016, -1.000000000000000000 ) ) ;
#1473 = ORIENTED_EDGE ( 'NONE', *, *, #1024, .T. ) ;
#1474 = EDGE_LOOP ( 'NONE', ( #2196, #127, #941, #1785 ) ) ;
#1475 = ADVANCED_FACE ( 'NONE', ( #128 ), #31, .F. ) ;
#1476 = CARTESIAN_POINT ( 'NONE',  ( 1.024999999999996800, 0.1440000000000000700, 0.1574999999999976100 ) ) ;
#1477 = DIRECTION ( 'NONE',  ( -9.948463196155366600E-017, 0.0000000000000000000, -1.000000000000000000 ) ) ;
#1478 = DIRECTION ( 'NONE',  ( 0.0000000000000000000, 0.0000000000000000000, 1.000000000000000000 ) ) ;
#1479 = EDGE_CURVE ( 'NONE', #169, #2098, #2178, .T. ) ;
#1480 = EDGE_CURVE ( 'NONE', #1502, #1667, #2579, .T. ) ;
#1481 = ADVANCED_FACE ( 'NONE', ( #368 ), #1557, .F. ) ;
#1482 = CARTESIAN_POINT ( 'NONE',  ( 1.043342308546124200, 0.1440000000000000700, -0.4084999999999993600 ) ) ;
#1483 = ORIENTED_EDGE ( 'NONE', *, *, #20, .T. ) ;
#1484 = FACE_OUTER_BOUND ( 'NONE', #2014, .T. ) ;
#1485 = FACE_OUTER_BOUND ( 'NONE', #194, .T. ) ;
#1486 = LINE ( 'NONE', #2802, #1355 ) ;
#1487 = LINE ( 'NONE', #363, #2068 ) ;
#1488 = DIRECTION ( 'NONE',  ( 0.0000000000000000000, 0.0000000000000000000, -1.000000000000000000 ) ) ;
#1489 = AXIS2_PLACEMENT_3D ( 'NONE', #1329, #213, #464 ) ;
#1490 = CARTESIAN_POINT ( 'NONE',  ( 1.043342308546125300, 0.08150000000000005900, -0.9694999999999997000 ) ) ;
#1491 = ORIENTED_EDGE ( 'NONE', *, *, #653, .T. ) ;
#1492 = LINE ( 'NONE', #522, #2288 ) ;
#1493 = CARTESIAN_POINT ( 'NONE',  ( -1.043342308546124900, 0.08150000000000000300, -0.1175000000000006900 ) ) ;
#1494 = CYLINDRICAL_SURFACE ( 'NONE', #1644, 0.05000000000000001000 ) ;
#1495 = CARTESIAN_POINT ( 'NONE',  ( -0.9050000000000000300, 0.1440000000000000700, 0.1174999999999992400 ) ) ;
#1496 = DIRECTION ( 'NONE',  ( 0.0000000000000000000, 0.0000000000000000000, -1.000000000000000000 ) ) ;
#1497 = EDGE_CURVE ( 'NONE', #1375, #1633, #2783, .T. ) ;
#1498 = FACE_OUTER_BOUND ( 'NONE', #1979, .T. ) ;
#1499 = DIRECTION ( 'NONE',  ( -9.948463196155366600E-017, 2.179665952391724100E-016, -1.000000000000000000 ) ) ;
#1500 = DIRECTION ( 'NONE',  ( 0.0000000000000000000, 0.0000000000000000000, 1.000000000000000000 ) ) ;
#1501 = LINE ( 'NONE', #114, #984 ) ;
#1502 = VERTEX_POINT ( 'NONE', #2483 ) ;
#1503 = CARTESIAN_POINT ( 'NONE',  ( -0.8725000000000001600, 0.2100000000000000200, 1.296000000000000000 ) ) ;
#1504 = ORIENTED_EDGE ( 'NONE', *, *, #825, .F. ) ;
#1505 = AXIS2_PLACEMENT_3D ( 'NONE', #928, #715, #84 ) ;
#1506 = ORIENTED_EDGE ( 'NONE', *, *, #463, .F. ) ;
#1507 = VERTEX_POINT ( 'NONE', #1391 ) ;
#1508 = ORIENTED_EDGE ( 'NONE', *, *, #1676, .F. ) ;
#1509 = EDGE_CURVE ( 'NONE', #2330, #549, #1114, .T. ) ;
#1510 = EDGE_LOOP ( 'NONE', ( #2408, #988, #2248, #1403 ) ) ;
#1511 = CARTESIAN_POINT ( 'NONE',  ( -1.055000000000000200, 0.05649999999999931500, -1.373000000000000900 ) ) ;
#1512 = CARTESIAN_POINT ( 'NONE',  ( 0.8725000000000000500, 0.2100000000000000200, 1.171500000000000000 ) ) ;
#1513 = DIRECTION ( 'NONE',  ( 0.0000000000000000000, 0.0000000000000000000, 1.000000000000000000 ) ) ;
#1514 = DIRECTION ( 'NONE',  ( -0.0000000000000000000, -1.000000000000000000, -0.0000000000000000000 ) ) ;
#1515 = DIRECTION ( 'NONE',  ( 2.731847993664262800E-015, 1.000000000000000000, 0.0000000000000000000 ) ) ;
#1516 = ORIENTED_EDGE ( 'NONE', *, *, #2374, .F. ) ;
#1517 = EDGE_CURVE ( 'NONE', #2029, #610, #195, .T. ) ;
#1518 = CARTESIAN_POINT ( 'NONE',  ( 1.024999999999996800, 0.2065000000000000700, 0.1574999999999976400 ) ) ;
#1519 = DIRECTION ( 'NONE',  ( 1.445621767152133500E-032, 1.000000000000000000, 1.453110634927816200E-016 ) ) ;
#1520 = DIRECTION ( 'NONE',  ( 0.0000000000000000000, 0.0000000000000000000, 1.000000000000000000 ) ) ;
#1521 = ADVANCED_FACE ( 'NONE', ( #1936 ), #599, .T. ) ;
#1522 = CARTESIAN_POINT ( 'NONE',  ( 0.9049999999999998000, 0.1440000000000000700, -0.4709999999999993100 ) ) ;
#1523 = ORIENTED_EDGE ( 'NONE', *, *, #2645, .T. ) ;
#1524 = CIRCLE ( 'NONE', #1177, 0.06250000000000001400 ) ;
#1525 = AXIS2_PLACEMENT_3D ( 'NONE', #1933, #2135, #623 ) ;
#1526 = DIRECTION ( 'NONE',  ( -1.000000000000000000, -0.0000000000000000000, 9.948463196155367900E-017 ) ) ;
#1527 = DIRECTION ( 'NONE',  ( -0.9063077870366554900, -0.4226182617406876700, -1.952966960283267600E-018 ) ) ;
#1528 = LINE ( 'NONE', #1436, #912 ) ;
#1529 = DIRECTION ( 'NONE',  ( 0.0000000000000000000, 0.0000000000000000000, 1.000000000000000000 ) ) ;
#1530 = DIRECTION ( 'NONE',  ( -1.445621767152117600E-032, 1.000000000000000000, -1.453110634927800100E-016 ) ) ;
#1531 = ORIENTED_EDGE ( 'NONE', *, *, #125, .F. ) ;
#1532 = VECTOR ( 'NONE', #1544, 39.37007874015748100 ) ;
#1533 = CARTESIAN_POINT ( 'NONE',  ( 0.8724999999999999400, 0.2100000000000000200, -1.117999999999999900 ) ) ;
#1534 = LINE ( 'NONE', #2101, #1245 ) ;
#1535 = CARTESIAN_POINT ( 'NONE',  ( 0.8725000000000000500, 0.09000000000000001100, 1.224999999999999900 ) ) ;
#1536 = LINE ( 'NONE', #920, #1977 ) ;
#1537 = EDGE_CURVE ( 'NONE', #923, #481, #2681, .T. ) ;
#1538 = ORIENTED_EDGE ( 'NONE', *, *, #376, .T. ) ;
#1539 = EDGE_LOOP ( 'NONE', ( #1300, #911, #615, #418 ) ) ;
#1540 = PLANE ( 'NONE',  #381 ) ;
#1541 = ORIENTED_EDGE ( 'NONE', *, *, #2714, .F. ) ;
#1542 = ORIENTED_EDGE ( 'NONE', *, *, #296, .F. ) ;
#1543 = VERTEX_POINT ( 'NONE', #1664 ) ;
#1544 = DIRECTION ( 'NONE',  ( 9.948463196155366600E-017, -0.0000000000000000000, 1.000000000000000000 ) ) ;
#1545 = ORIENTED_EDGE ( 'NONE', *, *, #2663, .F. ) ;
#1546 = ADVANCED_FACE ( 'NONE', ( #2218 ), #472, .T. ) ;
#1547 = AXIS2_PLACEMENT_3D ( 'NONE', #399, #1269, #1918 ) ;
#1548 = CARTESIAN_POINT ( 'NONE',  ( 1.054999999999999700, 0.2314999999999997300, -0.7345000000000023700 ) ) ;
#1549 = CARTESIAN_POINT ( 'NONE',  ( 1.024999999999996800, 0.08150000000000005900, 0.7234999999999975900 ) ) ;
#1550 = ORIENTED_EDGE ( 'NONE', *, *, #1812, .F. ) ;
#1551 = FACE_BOUND ( 'NONE', #2597, .T. ) ;
#1552 = VECTOR ( 'NONE', #1734, 39.37007874015748100 ) ;
#1553 = ADVANCED_FACE ( 'NONE', ( #1655 ), #2006, .F. ) ;
#1554 = EDGE_CURVE ( 'NONE', #2018, #2313, #2821, .T. ) ;
#1555 = ORIENTED_EDGE ( 'NONE', *, *, #1006, .T. ) ;
#1556 = ADVANCED_FACE ( 'NONE', ( #2385 ), #2529, .F. ) ;
#1557 = CYLINDRICAL_SURFACE ( 'NONE', #356, 0.06250000000000008300 ) ;
#1558 = DIRECTION ( 'NONE',  ( 0.0000000000000000000, 0.0000000000000000000, 1.000000000000000000 ) ) ;
#1559 = PRODUCT_DEFINITION_CONTEXT ( 'detailed design', #1779, 'design' ) ;
#1560 = CIRCLE ( 'NONE', #2335, 0.05000000000000001000 ) ;
#1561 = AXIS2_PLACEMENT_3D ( 'NONE', #873, #904, #455 ) ;
#1562 = VECTOR ( 'NONE', #1430, 39.37007874015748100 ) ;
#1563 = EDGE_CURVE ( 'NONE', #720, #30, #2649, .T. ) ;
#1564 = VERTEX_POINT ( 'NONE', #1229 ) ;
#1565 = VERTEX_POINT ( 'NONE', #2518 ) ;
#1566 = ORIENTED_EDGE ( 'NONE', *, *, #1078, .T. ) ;
#1567 = DIRECTION ( 'NONE',  ( 0.0000000000000000000, 1.000000000000000000, 0.0000000000000000000 ) ) ;
#1568 = CARTESIAN_POINT ( 'NONE',  ( 1.043342308546124900, 0.1440000000000000700, 0.7234999999999978100 ) ) ;
#1569 = CARTESIAN_POINT ( 'NONE',  ( -0.8725000000000001600, 0.2100000000000000200, -1.171000000000000000 ) ) ;
#1570 = ORIENTED_EDGE ( 'NONE', *, *, #2683, .F. ) ;
#1571 = ORIENTED_EDGE ( 'NONE', *, *, #1972, .F. ) ;
#1572 = FACE_OUTER_BOUND ( 'NONE', #1968, .T. ) ;
#1573 = DIRECTION ( 'NONE',  ( 1.000000000000000000, 0.0000000000000000000, 0.0000000000000000000 ) ) ;
#1574 = AXIS2_PLACEMENT_3D ( 'NONE', #1116, #1978, #1136 ) ;
#1575 = CARTESIAN_POINT ( 'NONE',  ( -1.004999999999999900, 0.05000000000000001000, 1.297999999999999200 ) ) ;
#1576 = DIRECTION ( 'NONE',  ( -0.0000000000000000000, 1.000000000000000000, -0.0000000000000000000 ) ) ;
#1577 = ADVANCED_FACE ( 'NONE', ( #2717, #841 ), #570, .F. ) ;
#1578 = CARTESIAN_POINT ( 'NONE',  ( 1.043342308546125100, 0.08150000000000000300, 0.9585000000000005700 ) ) ;
#1579 = EDGE_CURVE ( 'NONE', #517, #887, #564, .T. ) ;
#1580 = ORIENTED_EDGE ( 'NONE', *, *, #2755, .T. ) ;
#1581 = FACE_BOUND ( 'NONE', #2807, .T. ) ;
#1582 = LINE ( 'NONE', #2205, #942 ) ;
#1583 = VECTOR ( 'NONE', #1288, 39.37007874015748900 ) ;
#1584 = CIRCLE ( 'NONE', #2320, 0.07499999999999988600 ) ;
#1585 = DIRECTION ( 'NONE',  ( 1.000000000000000000, 0.0000000000000000000, -9.948463196155365400E-017 ) ) ;
#1586 = AXIS2_PLACEMENT_3D ( 'NONE', #236, #1755, #1956 ) ;
#1587 = DIRECTION ( 'NONE',  ( 0.0000000000000000000, 0.0000000000000000000, -1.000000000000000000 ) ) ;
#1588 = EDGE_LOOP ( 'NONE', ( #1022, #2629, #1902, #2770, #1061, #288, #2287, #2369 ) ) ;
#1589 = VECTOR ( 'NONE', #2397, 39.37007874015748100 ) ;
#1590 = ADVANCED_FACE ( 'NONE', ( #2078 ), #631, .F. ) ;
#1591 = LINE ( 'NONE', #2062, #1768 ) ;
#1592 = AXIS2_PLACEMENT_3D ( 'NONE', #1413, #1605, #1612 ) ;
#1593 = CIRCLE ( 'NONE', #1525, 0.1250000000000000300 ) ;
#1594 = DIRECTION ( 'NONE',  ( 0.0000000000000000000, 1.000000000000000000, 0.0000000000000000000 ) ) ;
#1595 = ORIENTED_EDGE ( 'NONE', *, *, #226, .F. ) ;
#1596 = DIRECTION ( 'NONE',  ( -0.0000000000000000000, 1.000000000000000000, -0.0000000000000000000 ) ) ;
#1597 = ORIENTED_EDGE ( 'NONE', *, *, #2402, .F. ) ;
#1598 = ORIENTED_EDGE ( 'NONE', *, *, #376, .F. ) ;
#1599 = ORIENTED_EDGE ( 'NONE', *, *, #2277, .T. ) ;
#1600 = DIRECTION ( 'NONE',  ( -0.0000000000000000000, 1.000000000000000000, -0.0000000000000000000 ) ) ;
#1601 = ORIENTED_EDGE ( 'NONE', *, *, #1132, .F. ) ;
#1602 = VERTEX_POINT ( 'NONE', #1193 ) ;
#1603 = ORIENTED_EDGE ( 'NONE', *, *, #1638, .T. ) ;
#1604 = ORIENTED_EDGE ( 'NONE', *, *, #857, .F. ) ;
#1605 = DIRECTION ( 'NONE',  ( 1.000000000000000000, -0.0000000000000000000, -9.948463196155369100E-017 ) ) ;
#1606 = DIRECTION ( 'NONE',  ( 0.0000000000000000000, 0.0000000000000000000, 1.000000000000000000 ) ) ;
#1607 = EDGE_CURVE ( 'NONE', #1625, #2016, #2253, .T. ) ;
#1608 = EDGE_CURVE ( 'NONE', #123, #1663, #2143, .T. ) ;
#1609 = ORIENTED_EDGE ( 'NONE', *, *, #1817, .T. ) ;
#1610 = AXIS2_PLACEMENT_3D ( 'NONE', #2158, #2805, #844 ) ;
#1611 = ORIENTED_EDGE ( 'NONE', *, *, #46, .F. ) ;
#1612 = DIRECTION ( 'NONE',  ( 0.0000000000000000000, 0.0000000000000000000, -1.000000000000000000 ) ) ;
#1613 = CARTESIAN_POINT ( 'NONE',  ( 0.8725000000000000500, 0.2100000000000000200, 1.117999999999999900 ) ) ;
#1614 = ORIENTED_EDGE ( 'NONE', *, *, #1055, .T. ) ;
#1615 = LINE ( 'NONE', #1446, #56 ) ;
#1616 = LINE ( 'NONE', #685, #437 ) ;
#1617 = CONICAL_SURFACE ( 'NONE', #2784, 0.06250000000000001400, 1.134464013796315300 ) ;
#1618 = EDGE_CURVE ( 'NONE', #212, #516, #265, .T. ) ;
#1619 = ADVANCED_FACE ( 'NONE', ( #2514 ), #440, .F. ) ;
#1620 = EDGE_LOOP ( 'NONE', ( #1195, #1404, #892, #2152 ) ) ;
#1621 = LINE ( 'NONE', #87, #1045 ) ;
#1622 = DIRECTION ( 'NONE',  ( 9.948463196155366600E-017, -1.453110634927782600E-016, 1.000000000000000000 ) ) ;
#1623 = CARTESIAN_POINT ( 'NONE',  ( 0.0000000000000000000, 0.0000000000000000000, 0.0000000000000000000 ) ) ;
#1624 = EDGE_CURVE ( 'NONE', #1237, #1924, #1528, .T. ) ;
#1625 = VERTEX_POINT ( 'NONE', #2088 ) ;
#1626 = DIRECTION ( 'NONE',  ( 0.0000000000000000000, 0.0000000000000000000, 1.000000000000000000 ) ) ;
#1627 = LINE ( 'NONE', #1416, #2149 ) ;
#1628 = EDGE_CURVE ( 'NONE', #1959, #1668, #946, .T. ) ;
#1629 = LINE ( 'NONE', #613, #1054 ) ;
#1630 = EDGE_LOOP ( 'NONE', ( #585, #1358, #1538, #2630 ) ) ;
#1631 = DIRECTION ( 'NONE',  ( 1.000000000000000000, -0.0000000000000000000, -9.948463196155370300E-017 ) ) ;
#1632 = CARTESIAN_POINT ( 'NONE',  ( -1.024999999999996800, 0.08000000000000002900, 1.323000000000000200 ) ) ;
#1633 = VERTEX_POINT ( 'NONE', #336 ) ;
#1634 = ORIENTED_EDGE ( 'NONE', *, *, #1624, .F. ) ;
#1635 = DIMENSIONAL_EXPONENTS ( 1.000000000000000000, 0.0000000000000000000, 0.0000000000000000000, 0.0000000000000000000, 0.0000000000000000000, 0.0000000000000000000, 0.0000000000000000000 ) ;
#1636 = ORIENTED_EDGE ( 'NONE', *, *, #1419, .F. ) ;
#1637 = DIRECTION ( 'NONE',  ( -9.948463196155366600E-017, 2.179665952391724100E-016, -1.000000000000000000 ) ) ;
#1638 = EDGE_CURVE ( 'NONE', #1667, #313, #1584, .T. ) ;
#1639 = EDGE_LOOP ( 'NONE', ( #74, #2484, #1263, #306 ) ) ;
#1640 = DIRECTION ( 'NONE',  ( 1.000000000000000000, -0.0000000000000000000, -9.948463196155369100E-017 ) ) ;
#1641 = ORIENTED_EDGE ( 'NONE', *, *, #1480, .F. ) ;
#1642 = CARTESIAN_POINT ( 'NONE',  ( -0.9800000000000002000, 0.2700000000000000200, -1.373000000000000900 ) ) ;
#1643 = CARTESIAN_POINT ( 'NONE',  ( 1.043342308546124200, 0.08150000000000004500, -0.1735000000000019600 ) ) ;
#1644 = AXIS2_PLACEMENT_3D ( 'NONE', #1944, #435, #1726 ) ;
#1645 = PRODUCT_DEFINITION_SHAPE ( 'NONE', 'NONE',  #197 ) ;
#1646 = ORIENTED_EDGE ( 'NONE', *, *, #46, .T. ) ;
#1647 = EDGE_CURVE ( 'NONE', #1409, #1442, #974, .T. ) ;
#1648 = CARTESIAN_POINT ( 'NONE',  ( -0.8725000000000001600, 0.2100000000000000200, 1.171000000000000000 ) ) ;
#1649 = DIRECTION ( 'NONE',  ( 0.0000000000000000000, 0.0000000000000000000, -1.000000000000000000 ) ) ;
#1650 = FACE_OUTER_BOUND ( 'NONE', #751, .T. ) ;
#1651 = FILL_AREA_STYLE_COLOUR ( '', #1166 ) ;
#1652 = DIRECTION ( 'NONE',  ( 1.000000000000000000, 0.0000000000000000000, 0.0000000000000000000 ) ) ;
#1653 = FACE_OUTER_BOUND ( 'NONE', #1759, .T. ) ;
#1654 = CIRCLE ( 'NONE', #82, 0.02499999999999987000 ) ;
#1655 = FACE_OUTER_BOUND ( 'NONE', #2632, .T. ) ;
#1656 = EDGE_CURVE ( 'NONE', #1096, #2611, #1393, .T. ) ;
#1657 = FACE_OUTER_BOUND ( 'NONE', #1867, .T. ) ;
#1658 = AXIS2_PLACEMENT_3D ( 'NONE', #2361, #1682, #1283 ) ;
#1659 = CYLINDRICAL_SURFACE ( 'NONE', #716, 0.1250000000000000300 ) ;
#1660 = DIRECTION ( 'NONE',  ( 1.000000000000000000, -0.0000000000000000000, -9.948463196155370300E-017 ) ) ;
#1661 = VECTOR ( 'NONE', #2405, 39.37007874015748100 ) ;
#1662 = AXIS2_PLACEMENT_3D ( 'NONE', #1142, #1576, #713 ) ;
#1663 = VERTEX_POINT ( 'NONE', #604 ) ;
#1664 = CARTESIAN_POINT ( 'NONE',  ( 0.9799999999999997600, 0.0000000000000000000, -1.323000000000000800 ) ) ;
#1665 = DIRECTION ( 'NONE',  ( -0.0000000000000000000, -1.000000000000000000, -0.0000000000000000000 ) ) ;
#1666 = EDGE_LOOP ( 'NONE', ( #1255, #896, #717, #1839 ) ) ;
#1667 = VERTEX_POINT ( 'NONE', #1720 ) ;
#1668 = VERTEX_POINT ( 'NONE', #1696 ) ;
#1669 = ORIENTED_EDGE ( 'NONE', *, *, #275, .T. ) ;
#1670 = AXIS2_PLACEMENT_3D ( 'NONE', #2150, #839, #2379 ) ;
#1671 = EDGE_LOOP ( 'NONE', ( #596, #328, #432, #1504 ) ) ;
#1672 = ORIENTED_EDGE ( 'NONE', *, *, #2030, .F. ) ;
#1673 = CARTESIAN_POINT ( 'NONE',  ( 0.8725000000000000500, 0.09000000000000001100, 1.171500000000000000 ) ) ;
#1674 = CARTESIAN_POINT ( 'NONE',  ( -1.043342308546124900, 0.2065000000000000700, 0.1174999999999992300 ) ) ;
#1675 = PRESENTATION_STYLE_ASSIGNMENT (( #2334 ) ) ;
#1676 = EDGE_CURVE ( 'NONE', #1633, #109, #1690, .T. ) ;
#1677 = CARTESIAN_POINT ( 'NONE',  ( 0.9049999999999998000, 0.08150000000000004500, -0.1735000000000019600 ) ) ;
#1678 = PLANE ( 'NONE',  #1199 ) ;
#1679 = CARTESIAN_POINT ( 'NONE',  ( 0.8725000000000000500, 0.2100000000000000200, 1.171500000000000000 ) ) ;
#1680 = CARTESIAN_POINT ( 'NONE',  ( 0.8724999999999999400, 0.2100000000000000200, -1.296500000000000000 ) ) ;
#1681 = DIRECTION ( 'NONE',  ( 0.0000000000000000000, -0.0000000000000000000, -1.000000000000000000 ) ) ;
#1682 = DIRECTION ( 'NONE',  ( 1.000000000000000000, -0.0000000000000000000, -9.948463196155369100E-017 ) ) ;
#1683 = AXIS2_PLACEMENT_3D ( 'NONE', #1366, #1826, #287 ) ;
#1684 = DIRECTION ( 'NONE',  ( -9.948463196155366600E-017, 2.179665952391724400E-016, -1.000000000000000000 ) ) ;
#1685 = DIRECTION ( 'NONE',  ( -1.000000000000000000, -0.0000000000000000000, 9.948463196155367900E-017 ) ) ;
#1686 = VECTOR ( 'NONE', #2534, 39.37007874015748100 ) ;
#1687 = FACE_OUTER_BOUND ( 'NONE', #818, .T. ) ;
#1688 = CIRCLE ( 'NONE', #794, 0.05349999999999999200 ) ;
#1689 = ORIENTED_EDGE ( 'NONE', *, *, #2455, .T. ) ;
#1690 = LINE ( 'NONE', #1046, #2542 ) ;
#1691 = DIRECTION ( 'NONE',  ( 0.0000000000000000000, 0.0000000000000000000, 1.000000000000000000 ) ) ;
#1692 = DIRECTION ( 'NONE',  ( 0.0000000000000000000, 0.0000000000000000000, 1.000000000000000000 ) ) ;
#1693 = DIRECTION ( 'NONE',  ( 1.000000000000000000, 0.0000000000000000000, 0.0000000000000000000 ) ) ;
#1694 = VERTEX_POINT ( 'NONE', #2354 ) ;
#1695 = VECTOR ( 'NONE', #1374, 39.37007874015748100 ) ;
#1696 = CARTESIAN_POINT ( 'NONE',  ( 1.024999999999996800, 0.1440000000000000700, 0.6609999999999978100 ) ) ;
#1697 = EDGE_LOOP ( 'NONE', ( #1447, #1834 ) ) ;
#1698 = LINE ( 'NONE', #53, #474 ) ;
#1699 = CARTESIAN_POINT ( 'NONE',  ( 1.054999999999999700, 0.1440000000000000700, 0.1574999999999976100 ) ) ;
#1700 = CIRCLE ( 'NONE', #430, 0.08750000000000046600 ) ;
#1701 = ORIENTED_EDGE ( 'NONE', *, *, #1479, .T. ) ;
#1702 = AXIS2_PLACEMENT_3D ( 'NONE', #2549, #2779, #1238 ) ;
#1703 = CARTESIAN_POINT ( 'NONE',  ( 0.9049999999999998000, 0.1440000000000000200, 0.3925000000000004000 ) ) ;
#1704 = CIRCLE ( 'NONE', #2778, 0.1250000000000000300 ) ;
#1705 = ORIENTED_EDGE ( 'NONE', *, *, #2374, .T. ) ;
#1706 = DIRECTION ( 'NONE',  ( -0.0000000000000000000, -0.0000000000000000000, 1.000000000000000000 ) ) ;
#1707 = ORIENTED_EDGE ( 'NONE', *, *, #178, .T. ) ;
#1708 = DIRECTION ( 'NONE',  ( 0.0000000000000000000, 0.0000000000000000000, -1.000000000000000000 ) ) ;
#1709 = ORIENTED_EDGE ( 'NONE', *, *, #2311, .F. ) ;
#1710 = DIRECTION ( 'NONE',  ( 0.0000000000000000000, 1.000000000000000000, 0.0000000000000000000 ) ) ;
#1711 = DIRECTION ( 'NONE',  ( 0.4226182617406858400, -0.9063077870366562600, 0.0000000000000000000 ) ) ;
#1712 = ORIENTED_EDGE ( 'NONE', *, *, #1497, .T. ) ;
#1713 = DIRECTION ( 'NONE',  ( -9.948463196155366600E-017, 2.179665952391673600E-016, -1.000000000000000000 ) ) ;
#1714 = DIRECTION ( 'NONE',  ( 1.445621767152100700E-032, 1.000000000000000000, 1.453110634927782600E-016 ) ) ;
#1715 = LINE ( 'NONE', #1027, #79 ) ;
#1716 = DIRECTION ( 'NONE',  ( 0.0000000000000000000, 1.000000000000000000, 0.0000000000000000000 ) ) ;
#1717 = CARTESIAN_POINT ( 'NONE',  ( 0.9800000000000000900, 0.05000000000000001000, 1.322999999999999300 ) ) ;
#1718 = CARTESIAN_POINT ( 'NONE',  ( -0.8725000000000001600, 0.08000000000000002900, -1.171000000000000000 ) ) ;
#1719 = EDGE_CURVE ( 'NONE', #1164, #863, #562, .T. ) ;
#1720 = CARTESIAN_POINT ( 'NONE',  ( 0.9800000000000000900, 0.2700000000000000200, 1.372999999999999300 ) ) ;
#1721 = CARTESIAN_POINT ( 'NONE',  ( -0.9799999999999999800, 0.05000000000000001000, 1.297999999999999400 ) ) ;
#1722 = DIRECTION ( 'NONE',  ( 0.0000000000000000000, 2.179665952391724400E-016, -1.000000000000000000 ) ) ;
#1723 = DIRECTION ( 'NONE',  ( -9.948463196155366600E-017, 1.453110634927816200E-016, -1.000000000000000000 ) ) ;
#1724 = AXIS2_PLACEMENT_3D ( 'NONE', #2239, #2216, #1362 ) ;
#1725 = LINE ( 'NONE', #1909, #1141 ) ;
#1726 = DIRECTION ( 'NONE',  ( -1.000000000000000000, 0.0000000000000000000, 0.0000000000000000000 ) ) ;
#1727 = DIRECTION ( 'NONE',  ( 0.0000000000000000000, -1.453110634927800100E-016, -1.000000000000000000 ) ) ;
#1728 = DIRECTION ( 'NONE',  ( 0.0000000000000000000, 1.000000000000000000, 0.0000000000000000000 ) ) ;
#1729 = UNCERTAINTY_MEASURE_WITH_UNIT (LENGTH_MEASURE( 1.000000000000000100E-005 ), #663, 'distance_accuracy_value', 'NONE');
#1730 = CIRCLE ( 'NONE', #2740, 0.06250000000000001400 ) ;
#1731 = CARTESIAN_POINT ( 'NONE',  ( 1.043342308546125300, 0.2065000000000000400, -0.7345000000000023700 ) ) ;
#1732 = EDGE_CURVE ( 'NONE', #1668, #720, #1280, .T. ) ;
#1733 = FACE_OUTER_BOUND ( 'NONE', #783, .T. ) ;
#1734 = DIRECTION ( 'NONE',  ( 9.948463196155366600E-017, -2.179665952391673600E-016, 1.000000000000000000 ) ) ;
#1735 = DIRECTION ( 'NONE',  ( 0.0000000000000000000, 0.0000000000000000000, -1.000000000000000000 ) ) ;
#1736 = CARTESIAN_POINT ( 'NONE',  ( 0.8724999999999999400, 0.2100000000000000200, -1.171500000000000000 ) ) ;
#1737 = CIRCLE ( 'NONE', #1702, 0.06249999999999995100 ) ;
#1738 = EDGE_LOOP ( 'NONE', ( #2160, #1604 ) ) ;
#1739 = CARTESIAN_POINT ( 'NONE',  ( 1.043342308546124900, 0.08150000000000000300, 0.3925000000000004000 ) ) ;
#1740 = ORIENTED_EDGE ( 'NONE', *, *, #1135, .F. ) ;
#1741 = AXIS2_PLACEMENT_3D ( 'NONE', #1962, #2601, #2193 ) ;
#1742 = ORIENTED_EDGE ( 'NONE', *, *, #2262, .F. ) ;
#1743 = ADVANCED_FACE ( 'NONE', ( #800, #397 ), #1036, .T. ) ;
#1744 = DIRECTION ( 'NONE',  ( 1.000000000000000000, -0.0000000000000000000, -9.948463196155369100E-017 ) ) ;
#1745 = ORIENTED_EDGE ( 'NONE', *, *, #2445, .T. ) ;
#1746 = EDGE_CURVE ( 'NONE', #863, #832, #2317, .T. ) ;
#1747 = ORIENTED_EDGE ( 'NONE', *, *, #2663, .T. ) ;
#1748 = VERTEX_POINT ( 'NONE', #836 ) ;
#1749 = CARTESIAN_POINT ( 'NONE',  ( 1.054999999999999700, 0.05000000000000001000, -1.298000000000000900 ) ) ;
#1750 = CARTESIAN_POINT ( 'NONE',  ( 1.024999999999996800, 0.1440000000000000700, -0.4084999999999993600 ) ) ;
#1751 = ADVANCED_FACE ( 'NONE', ( #2215 ), #1678, .F. ) ;
#1752 = PLANE ( 'NONE',  #243 ) ;
#1753 = DIRECTION ( 'NONE',  ( 0.0000000000000000000, 0.0000000000000000000, 1.000000000000000000 ) ) ;
#1754 = CARTESIAN_POINT ( 'NONE',  ( -0.8725000000000001600, 0.2100000000000000200, -1.224499999999999900 ) ) ;
#1755 = DIRECTION ( 'NONE',  ( 0.0000000000000000000, -1.000000000000000000, 0.0000000000000000000 ) ) ;
#1756 = ADVANCED_FACE ( 'NONE', ( #2072 ), #386, .F. ) ;
#1757 = AXIS2_PLACEMENT_3D ( 'NONE', #616, #837, #866 ) ;
#1758 = CARTESIAN_POINT ( 'NONE',  ( 0.8724999999999999400, 0.08000000000000002900, -1.296500000000000000 ) ) ;
#1759 = EDGE_LOOP ( 'NONE', ( #1222, #1523 ) ) ;
#1760 = VECTOR ( 'NONE', #2639, 39.37007874015748100 ) ;
#1761 = EDGE_CURVE ( 'NONE', #1252, #237, #326, .T. ) ;
#1762 = CARTESIAN_POINT ( 'NONE',  ( 1.054999999999999700, 0.2700000000000000200, -1.298000000000000900 ) ) ;
#1763 = AXIS2_PLACEMENT_3D ( 'NONE', #367, #1853, #761 ) ;
#1764 = VERTEX_POINT ( 'NONE', #2769 ) ;
#1765 = EDGE_LOOP ( 'NONE', ( #926, #1672, #2492, #2296 ) ) ;
#1766 = LINE ( 'NONE', #745, #1395 ) ;
#1767 = ORIENTED_EDGE ( 'NONE', *, *, #1865, .F. ) ;
#1768 = VECTOR ( 'NONE', #2732, 39.37007874015748100 ) ;
#1769 = ADVANCED_FACE ( 'NONE', ( #1832 ), #2553, .F. ) ;
#1770 = DIRECTION ( 'NONE',  ( -0.0000000000000000000, 1.000000000000000000, -0.0000000000000000000 ) ) ;
#1771 = LINE ( 'NONE', #1982, #200 ) ;
#1772 = EDGE_CURVE ( 'NONE', #369, #442, #1110, .T. ) ;
#1773 = ORIENTED_EDGE ( 'NONE', *, *, #1339, .F. ) ;
#1774 = EDGE_CURVE ( 'NONE', #1633, #922, #533, .T. ) ;
#1775 = LINE ( 'NONE', #2100, #850 ) ;
#1776 = CARTESIAN_POINT ( 'NONE',  ( 0.8725000000000000500, 0.09000000000000001100, 1.117999999999999900 ) ) ;
#1777 = ORIENTED_EDGE ( 'NONE', *, *, #2074, .F. ) ;
#1778 = ORIENTED_EDGE ( 'NONE', *, *, #1103, .T. ) ;
#1779 = APPLICATION_CONTEXT ( 'automotive_design' ) ;
#1780 = ORIENTED_EDGE ( 'NONE', *, *, #2390, .F. ) ;
#1781 = ORIENTED_EDGE ( 'NONE', *, *, #145, .T. ) ;
#1782 = ORIENTED_EDGE ( 'NONE', *, *, #1922, .F. ) ;
#1783 = CARTESIAN_POINT ( 'NONE',  ( -1.024999999999996800, 0.08000000000000002900, 1.323000000000000200 ) ) ;
#1784 = AXIS2_PLACEMENT_3D ( 'NONE', #334, #2310, #115 ) ;
#1785 = ORIENTED_EDGE ( 'NONE', *, *, #1392, .T. ) ;
#1786 = ORIENTED_EDGE ( 'NONE', *, *, #1235, .F. ) ;
#1787 = CARTESIAN_POINT ( 'NONE',  ( 1.004999999999999900, 0.0000000000000000000, -9.998205512136140600E-017 ) ) ;
#1788 = CARTESIAN_POINT ( 'NONE',  ( -1.054999999999999900, 0.05000000000000001000, 1.322999999999999300 ) ) ;
#1789 = VECTOR ( 'NONE', #1477, 39.37007874015748100 ) ;
#1790 = DIRECTION ( 'NONE',  ( -1.000000000000000000, -0.0000000000000000000, -0.0000000000000000000 ) ) ;
#1791 = ADVANCED_FACE ( 'NONE', ( #1895 ), #2175, .T. ) ;
#1792 = CARTESIAN_POINT ( 'NONE',  ( 1.054999999999999700, 0.05649999999999898200, -0.4084999999999993600 ) ) ;
#1793 = EDGE_LOOP ( 'NONE', ( #497, #802 ) ) ;
#1794 = EDGE_CURVE ( 'NONE', #2467, #1091, #735, .T. ) ;
#1795 = ADVANCED_FACE ( 'NONE', ( #833 ), #1085, .F. ) ;
#1796 = DIRECTION ( 'NONE',  ( -9.948463196155366600E-017, -1.453110634927800100E-016, -1.000000000000000000 ) ) ;
#1797 = CARTESIAN_POINT ( 'NONE',  ( 1.054999999999999700, 0.2314999999999999300, 0.3925000000000004000 ) ) ;
#1798 = ORIENTED_EDGE ( 'NONE', *, *, #1772, .T. ) ;
#1799 = CYLINDRICAL_SURFACE ( 'NONE', #2116, 0.1250000000000000300 ) ;
#1800 = AXIS2_PLACEMENT_3D ( 'NONE', #1028, #1272, #456 ) ;
#1801 = LINE ( 'NONE', #1120, #2038 ) ;
#1802 = CARTESIAN_POINT ( 'NONE',  ( 0.9049999999999998000, 0.08150000000000000300, 0.3925000000000004000 ) ) ;
#1803 = EDGE_CURVE ( 'NONE', #1425, #1442, #2282, .T. ) ;
#1804 = VERTEX_POINT ( 'NONE', #1749 ) ;
#1805 = FACE_OUTER_BOUND ( 'NONE', #1033, .T. ) ;
#1806 = VECTOR ( 'NONE', #992, 39.37007874015748100 ) ;
#1807 = VERTEX_POINT ( 'NONE', #848 ) ;
#1808 = LINE ( 'NONE', #54, #2423 ) ;
#1809 = DIRECTION ( 'NONE',  ( 0.0000000000000000000, 1.000000000000000000, 0.0000000000000000000 ) ) ;
#1810 = VECTOR ( 'NONE', #331, 39.37007874015748900 ) ;
#1811 = VERTEX_POINT ( 'NONE', #1976 ) ;
#1812 = EDGE_CURVE ( 'NONE', #1884, #1349, #661, .T. ) ;
#1813 = LINE ( 'NONE', #2114, #1007 ) ;
#1814 = DIRECTION ( 'NONE',  ( 0.0000000000000000000, 0.0000000000000000000, 1.000000000000000000 ) ) ;
#1815 = VERTEX_POINT ( 'NONE', #1097 ) ;
#1816 = VERTEX_POINT ( 'NONE', #2624 ) ;
#1817 = EDGE_CURVE ( 'NONE', #1938, #2203, #394, .T. ) ;
#1818 = ORIENTED_EDGE ( 'NONE', *, *, #2063, .T. ) ;
#1819 = CARTESIAN_POINT ( 'NONE',  ( 1.054999999999999700, 0.2315000000000012300, -0.4084999999999993600 ) ) ;
#1820 = EDGE_LOOP ( 'NONE', ( #1483, #78, #2526, #1707 ) ) ;
#1821 = ORIENTED_EDGE ( 'NONE', *, *, #1307, .F. ) ;
#1822 = ADVANCED_FACE ( 'NONE', ( #1175 ), #1540, .F. ) ;
#1823 = EDGE_CURVE ( 'NONE', #2491, #276, #2344, .T. ) ;
#1824 = DIRECTION ( 'NONE',  ( 0.0000000000000000000, 0.0000000000000000000, -1.000000000000000000 ) ) ;
#1825 = AXIS2_PLACEMENT_3D ( 'NONE', #1493, #196, #2386 ) ;
#1826 = DIRECTION ( 'NONE',  ( -0.0000000000000000000, 1.000000000000000000, -0.0000000000000000000 ) ) ;
#1827 = ORIENTED_EDGE ( 'NONE', *, *, #2162, .F. ) ;
#1828 = DIRECTION ( 'NONE',  ( 1.000000000000000000, -0.0000000000000000000, -9.948463196155369100E-017 ) ) ;
#1829 = EDGE_CURVE ( 'NONE', #2729, #1409, #1005, .T. ) ;
#1830 = VECTOR ( 'NONE', #1407, 39.37007874015748100 ) ;
#1831 = CARTESIAN_POINT ( 'NONE',  ( 1.043342308546124900, 0.1440000000000000700, 0.1574999999999976100 ) ) ;
#1832 = FACE_OUTER_BOUND ( 'NONE', #2053, .T. ) ;
#1833 = DIRECTION ( 'NONE',  ( 1.000000000000000000, -0.0000000000000000000, -9.948463196155370300E-017 ) ) ;
#1834 = ORIENTED_EDGE ( 'NONE', *, *, #741, .T. ) ;
#1835 = VECTOR ( 'NONE', #2415, 39.37007874015748100 ) ;
#1836 = FACE_OUTER_BOUND ( 'NONE', #2446, .T. ) ;
#1837 = AXIS2_PLACEMENT_3D ( 'NONE', #1134, #1809, #33 ) ;
#1838 = CYLINDRICAL_SURFACE ( 'NONE', #1505, 0.07499999999999988600 ) ;
#1839 = ORIENTED_EDGE ( 'NONE', *, *, #1850, .F. ) ;
#1840 = FACE_OUTER_BOUND ( 'NONE', #292, .T. ) ;
#1841 = ORIENTED_EDGE ( 'NONE', *, *, #486, .T. ) ;
#1842 = ORIENTED_EDGE ( 'NONE', *, *, #586, .T. ) ;
#1843 = CARTESIAN_POINT ( 'NONE',  ( 0.8724999999999999400, 0.2100000000000000200, -1.171500000000000000 ) ) ;
#1844 = EDGE_LOOP ( 'NONE', ( #2659, #2051 ) ) ;
#1845 = ORIENTED_EDGE ( 'NONE', *, *, #752, .T. ) ;
#1846 = ORIENTED_EDGE ( 'NONE', *, *, #1451, .T. ) ;
#1847 = EDGE_LOOP ( 'NONE', ( #991, #1405, #1333, #1198 ) ) ;
#1848 = CARTESIAN_POINT ( 'NONE',  ( 0.9049999999999998000, 0.2065000000000000400, -0.4084999999999993600 ) ) ;
#1849 = CARTESIAN_POINT ( 'NONE',  ( 1.024999999999996800, 0.2700000000000000200, 1.323000000000000200 ) ) ;
#1850 = EDGE_CURVE ( 'NONE', #2157, #2364, #1455, .T. ) ;
#1851 = CIRCLE ( 'NONE', #867, 0.05000000000000001000 ) ;
#1852 = EDGE_CURVE ( 'NONE', #2169, #1301, #1320, .T. ) ;
#1853 = DIRECTION ( 'NONE',  ( 0.0000000000000000000, 1.000000000000000000, 0.0000000000000000000 ) ) ;
#1854 = CIRCLE ( 'NONE', #270, 0.1250000000000000300 ) ;
#1855 = DIMENSIONAL_EXPONENTS ( 1.000000000000000000, 0.0000000000000000000, 0.0000000000000000000, 0.0000000000000000000, 0.0000000000000000000, 0.0000000000000000000, 0.0000000000000000000 ) ;
#1856 = ORIENTED_EDGE ( 'NONE', *, *, #1647, .T. ) ;
#1857 = CARTESIAN_POINT ( 'NONE',  ( -0.8725000000000001600, 0.2100000000000000200, -1.171000000000000000 ) ) ;
#1858 = CARTESIAN_POINT ( 'NONE',  ( 1.054999999999999700, 0.2314999999999999800, 0.1574999999999976700 ) ) ;
#1859 = CYLINDRICAL_SURFACE ( 'NONE', #362, 0.06250000000000001400 ) ;
#1860 = CARTESIAN_POINT ( 'NONE',  ( -0.8725000000000001600, 0.08000000000000002900, 1.046000000000000000 ) ) ;
#1861 = CARTESIAN_POINT ( 'NONE',  ( 1.054999999999999700, 0.1440000000000000700, -0.9694999999999997000 ) ) ;
#1862 = DIRECTION ( 'NONE',  ( 0.0000000000000000000, -0.0000000000000000000, 1.000000000000000000 ) ) ;
#1863 = ORIENTED_EDGE ( 'NONE', *, *, #1919, .F. ) ;
#1864 = DIRECTION ( 'NONE',  ( 0.0000000000000000000, 0.0000000000000000000, -1.000000000000000000 ) ) ;
#1865 = EDGE_CURVE ( 'NONE', #1694, #610, #324, .T. ) ;
#1866 = VECTOR ( 'NONE', #1937, 39.37007874015748100 ) ;
#1867 = EDGE_LOOP ( 'NONE', ( #643, #1516, #1916, #515 ) ) ;
#1868 = VECTOR ( 'NONE', #1600, 39.37007874015748100 ) ;
#1869 = CARTESIAN_POINT ( 'NONE',  ( 0.8724999999999999400, 0.09000000000000001100, -1.171500000000000000 ) ) ;
#1870 = EDGE_LOOP ( 'NONE', ( #1571, #679, #341, #1298 ) ) ;
#1871 = LINE ( 'NONE', #2184, #1459 ) ;
#1872 = DIRECTION ( 'NONE',  ( 0.0000000000000000000, 1.000000000000000000, 0.0000000000000000000 ) ) ;
#1873 = CARTESIAN_POINT ( 'NONE',  ( 0.9049999999999999200, 0.2065000000000000400, 0.9585000000000005700 ) ) ;
#1874 = FACE_OUTER_BOUND ( 'NONE', #891, .T. ) ;
#1875 = LINE ( 'NONE', #2537, #2394 ) ;
#1876 = ORIENTED_EDGE ( 'NONE', *, *, #619, .F. ) ;
#1877 = CARTESIAN_POINT ( 'NONE',  ( 1.054999999999999700, 0.1440000000000000700, -0.4960000000000004400 ) ) ;
#1878 = CARTESIAN_POINT ( 'NONE',  ( 0.9049999999999999200, 0.1440000000000000700, 0.6609999999999978100 ) ) ;
#1879 = ORIENTED_EDGE ( 'NONE', *, *, #2790, .T. ) ;
#1880 = VERTEX_POINT ( 'NONE', #1957 ) ;
#1881 = ORIENTED_EDGE ( 'NONE', *, *, #1463, .F. ) ;
#1882 = EDGE_CURVE ( 'NONE', #103, #2059, #872, .T. ) ;
#1883 = ORIENTED_EDGE ( 'NONE', *, *, #2636, .T. ) ;
#1884 = VERTEX_POINT ( 'NONE', #2613 ) ;
#1885 = CARTESIAN_POINT ( 'NONE',  ( 1.043342308546124200, 0.08150000000000011400, -0.4084999999999993600 ) ) ;
#1886 = VECTOR ( 'NONE', #2083, 39.37007874015748100 ) ;
#1887 = CARTESIAN_POINT ( 'NONE',  ( -0.9799999999999999800, 0.05000000000000001000, 1.322999999999999300 ) ) ;
#1888 = CARTESIAN_POINT ( 'NONE',  ( 1.043342308546124900, 0.08150000000000005900, 0.1574999999999976100 ) ) ;
#1889 = EDGE_CURVE ( 'NONE', #2767, #2491, #24, .T. ) ;
#1890 = CARTESIAN_POINT ( 'NONE',  ( 0.9799999999999997600, 0.05000000000000001000, -1.298000000000000900 ) ) ;
#1891 = AXIS2_PLACEMENT_3D ( 'NONE', #621, #2586, #2599 ) ;
#1892 = DIRECTION ( 'NONE',  ( -0.9063077870366501600, -0.4226182617406990000, -1.952966960284117700E-018 ) ) ;
#1893 = CIRCLE ( 'NONE', #545, 0.1250000000000000300 ) ;
#1894 = CARTESIAN_POINT ( 'NONE',  ( 1.043342308546124200, 0.08150000000000004500, -0.1735000000000019600 ) ) ;
#1895 = FACE_OUTER_BOUND ( 'NONE', #1335, .T. ) ;
#1896 = ADVANCED_FACE ( 'NONE', ( #1687 ), #2570, .F. ) ;
#1897 = DIRECTION ( 'NONE',  ( -2.168432650728150300E-032, -1.000000000000000000, -2.179665952391673600E-016 ) ) ;
#1898 = ADVANCED_BREP_SHAPE_REPRESENTATION ( 'Cover Top', ( #2247, #1015 ), #2546 ) ;
#1899 = ORIENTED_EDGE ( 'NONE', *, *, #1537, .T. ) ;
#1900 = FACE_OUTER_BOUND ( 'NONE', #2730, .T. ) ;
#1901 = AXIS2_PLACEMENT_3D ( 'NONE', #2004, #915, #2421 ) ;
#1902 = ORIENTED_EDGE ( 'NONE', *, *, #1960, .T. ) ;
#1903 = LINE ( 'NONE', #228, #2355 ) ;
#1904 = DIRECTION ( 'NONE',  ( 0.0000000000000000000, 1.000000000000000000, 0.0000000000000000000 ) ) ;
#1905 = EDGE_CURVE ( 'NONE', #516, #369, #2746, .T. ) ;
#1906 = VECTOR ( 'NONE', #2497, 39.37007874015748100 ) ;
#1907 = AXIS2_PLACEMENT_3D ( 'NONE', #173, #184, #1265 ) ;
#1908 = DIRECTION ( 'NONE',  ( 1.000000000000000000, 0.0000000000000000000, 0.0000000000000000000 ) ) ;
#1909 = CARTESIAN_POINT ( 'NONE',  ( -0.8725000000000001600, 0.09000000000000001100, -1.117499999999999900 ) ) ;
#1910 = CONICAL_SURFACE ( 'NONE', #107, 0.06250000000000008300, 1.134464013796324900 ) ;
#1911 = ORIENTED_EDGE ( 'NONE', *, *, #2714, .T. ) ;
#1912 = ORIENTED_EDGE ( 'NONE', *, *, #680, .F. ) ;
#1913 = CARTESIAN_POINT ( 'NONE',  ( -1.054999999999999900, 0.2700000000000000200, 1.297999999999999200 ) ) ;
#1914 = ORIENTED_EDGE ( 'NONE', *, *, #1352, .F. ) ;
#1915 = AXIS2_PLACEMENT_3D ( 'NONE', #1, #1744, #19 ) ;
#1916 = ORIENTED_EDGE ( 'NONE', *, *, #38, .F. ) ;
#1917 = VERTEX_POINT ( 'NONE', #1797 ) ;
#1918 = DIRECTION ( 'NONE',  ( 0.0000000000000000000, 0.0000000000000000000, -1.000000000000000000 ) ) ;
#1919 = EDGE_CURVE ( 'NONE', #169, #1880, #1616, .T. ) ;
#1920 = CARTESIAN_POINT ( 'NONE',  ( 0.8724999999999999400, 0.2100000000000000200, -1.171500000000000000 ) ) ;
#1921 = DIRECTION ( 'NONE',  ( 0.0000000000000000000, 0.0000000000000000000, 1.000000000000000000 ) ) ;
#1922 = EDGE_CURVE ( 'NONE', #111, #1948, #2214, .T. ) ;
#1923 = CARTESIAN_POINT ( 'NONE',  ( 0.9799999999999999800, 0.05000000000000001000, 1.297999999999999200 ) ) ;
#1924 = VERTEX_POINT ( 'NONE', #1819 ) ;
#1925 = CARTESIAN_POINT ( 'NONE',  ( 1.054999999999999700, 0.2314999999999999300, -0.9694999999999997000 ) ) ;
#1926 = DIRECTION ( 'NONE',  ( 0.0000000000000000000, 0.0000000000000000000, -1.000000000000000000 ) ) ;
#1927 = AXIS2_PLACEMENT_3D ( 'NONE', #2477, #966, #1383 ) ;
#1928 = CARTESIAN_POINT ( 'NONE',  ( 0.0000000000000000000, 0.0000000000000000000, 0.0000000000000000000 ) ) ;
#1929 = ORIENTED_EDGE ( 'NONE', *, *, #796, .T. ) ;
#1930 = AXIS2_PLACEMENT_3D ( 'NONE', #1946, #634, #2171 ) ;
#1931 = CARTESIAN_POINT ( 'NONE',  ( 0.9049999999999995800, 0.08150000000000000300, -0.7345000000000023700 ) ) ;
#1932 = VECTOR ( 'NONE', #1030, 39.37007874015748100 ) ;
#1933 = CARTESIAN_POINT ( 'NONE',  ( 0.8725000000000000500, 0.2100000000000000200, 1.171500000000000000 ) ) ;
#1934 = EDGE_CURVE ( 'NONE', #648, #1324, #1421, .T. ) ;
#1935 = ORIENTED_EDGE ( 'NONE', *, *, #1066, .T. ) ;
#1936 = FACE_OUTER_BOUND ( 'NONE', #2496, .T. ) ;
#1937 = DIRECTION ( 'NONE',  ( -9.948463196155366600E-017, 2.179665952391673600E-016, -1.000000000000000000 ) ) ;
#1938 = VERTEX_POINT ( 'NONE', #1350 ) ;
#1939 = DIRECTION ( 'NONE',  ( 9.948463196155364200E-017, 0.0000000000000000000, 1.000000000000000000 ) ) ;
#1940 = AXIS2_PLACEMENT_3D ( 'NONE', #1074, #2212, #1067 ) ;
#1941 = LINE ( 'NONE', #2721, #1810 ) ;
#1942 = ORIENTED_EDGE ( 'NONE', *, *, #247, .F. ) ;
#1943 = EDGE_CURVE ( 'NONE', #2692, #2054, #295, .T. ) ;
#1944 = CARTESIAN_POINT ( 'NONE',  ( 1.004999999999999700, 0.05000000000000001000, -1.373000000000000900 ) ) ;
#1945 = ORIENTED_EDGE ( 'NONE', *, *, #2311, .T. ) ;
#1946 = CARTESIAN_POINT ( 'NONE',  ( 0.9799999999999999800, 0.0000000000000000000, 1.297999999999999200 ) ) ;
#1947 = EDGE_LOOP ( 'NONE', ( #2302, #380, #2532, #2617 ) ) ;
#1948 = VERTEX_POINT ( 'NONE', #2444 ) ;
#1949 = PLANE ( 'NONE',  #1441 ) ;
#1950 = ORIENTED_EDGE ( 'NONE', *, *, #691, .F. ) ;
#1951 = ORIENTED_EDGE ( 'NONE', *, *, #2725, .T. ) ;
#1952 = CARTESIAN_POINT ( 'NONE',  ( 1.043342308546124200, 0.2065000000000000200, -0.1735000000000019600 ) ) ;
#1953 = FACE_BOUND ( 'NONE', #2690, .T. ) ;
#1954 = DIRECTION ( 'NONE',  ( 0.0000000000000000000, 0.0000000000000000000, 1.000000000000000000 ) ) ;
#1955 = EDGE_CURVE ( 'NONE', #2767, #2467, #1998, .T. ) ;
#1956 = DIRECTION ( 'NONE',  ( 0.0000000000000000000, 0.0000000000000000000, -1.000000000000000000 ) ) ;
#1957 = CARTESIAN_POINT ( 'NONE',  ( -0.8725000000000001600, 0.08000000000000002900, -1.296000000000000000 ) ) ;
#1958 = CARTESIAN_POINT ( 'NONE',  ( -0.8725000000000001600, 0.09000000000000001100, 1.171000000000000000 ) ) ;
#1959 = VERTEX_POINT ( 'NONE', #1549 ) ;
#1960 = EDGE_CURVE ( 'NONE', #2364, #2332, #1108, .T. ) ;
#1961 = CARTESIAN_POINT ( 'NONE',  ( 0.9049999999999999200, 0.2065000000000000400, 0.9585000000000005700 ) ) ;
#1962 = CARTESIAN_POINT ( 'NONE',  ( 1.054999999999999900, 0.1440000000000000700, 0.7234999999999978100 ) ) ;
#1963 = LINE ( 'NONE', #254, #838 ) ;
#1964 = FACE_OUTER_BOUND ( 'NONE', #2333, .T. ) ;
#1965 = AXIS2_PLACEMENT_3D ( 'NONE', #225, #659, #2447 ) ;
#1966 = CONICAL_SURFACE ( 'NONE', #851, 0.06250000000000001400, 1.134464013796315800 ) ;
#1967 = CARTESIAN_POINT ( 'NONE',  ( 1.024999999999996800, 0.1440000000000000700, -0.4709999999999993100 ) ) ;
#1968 = EDGE_LOOP ( 'NONE', ( #2670, #1798, #1983, #674 ) ) ;
#1969 = VECTOR ( 'NONE', #1722, 39.37007874015748100 ) ;
#1970 = ADVANCED_FACE ( 'NONE', ( #1039, #1653 ), #279, .T. ) ;
#1971 = DIRECTION ( 'NONE',  ( 0.0000000000000000000, 0.0000000000000000000, 1.000000000000000000 ) ) ;
#1972 = EDGE_CURVE ( 'NONE', #820, #2093, #2539, .T. ) ;
#1973 = EDGE_CURVE ( 'NONE', #559, #2665, #2709, .T. ) ;
#1974 = FACE_OUTER_BOUND ( 'NONE', #2453, .T. ) ;
#1975 = CARTESIAN_POINT ( 'NONE',  ( 1.024999999999996800, 0.2065000000000000700, 0.7234999999999978100 ) ) ;
#1976 = CARTESIAN_POINT ( 'NONE',  ( -0.8725000000000001600, 0.2100000000000000200, -1.117499999999999900 ) ) ;
#1977 = VECTOR ( 'NONE', #2042, 39.37007874015748100 ) ;
#1978 = DIRECTION ( 'NONE',  ( 1.000000000000000000, 0.0000000000000000000, -9.948463196155365400E-017 ) ) ;
#1979 = EDGE_LOOP ( 'NONE', ( #527, #1230, #17, #1059 ) ) ;
#1980 = AXIS2_PLACEMENT_3D ( 'NONE', #523, #967, #2706 ) ;
#1981 = EDGE_LOOP ( 'NONE', ( #2368, #1385, #1471, #312 ) ) ;
#1982 = CARTESIAN_POINT ( 'NONE',  ( 1.054999999999999700, 0.2700000000000000200, -1.373000000000000900 ) ) ;
#1983 = ORIENTED_EDGE ( 'NONE', *, *, #1256, .T. ) ;
#1984 = ORIENTED_EDGE ( 'NONE', *, *, #2, .F. ) ;
#1985 = ORIENTED_EDGE ( 'NONE', *, *, #1157, .F. ) ;
#1986 = DIRECTION ( 'NONE',  ( -1.000000000000000000, -0.0000000000000000000, -0.0000000000000000000 ) ) ;
#1987 = ORIENTED_EDGE ( 'NONE', *, *, #919, .T. ) ;
#1988 = MECHANICAL_DESIGN_GEOMETRIC_PRESENTATION_REPRESENTATION (  '', ( #701 ), #2625 ) ;
#1989 = CARTESIAN_POINT ( 'NONE',  ( 1.024999999999996800, 0.2065000000000000200, -0.1735000000000019600 ) ) ;
#1990 = PRODUCT_RELATED_PRODUCT_CATEGORY ( 'part', '', ( #727 ) ) ;
#1991 = ADVANCED_FACE ( 'NONE', ( #2644, #1964 ), #2470, .T. ) ;
#1992 = CARTESIAN_POINT ( 'NONE',  ( -1.043342308546124900, 0.1440000000000000700, 0.1174999999999992600 ) ) ;
#1993 = CARTESIAN_POINT ( 'NONE',  ( -1.054999999999999900, 0.05000000000000001000, 1.297999999999999200 ) ) ;
#1994 = AXIS2_PLACEMENT_3D ( 'NONE', #846, #177, #2587 ) ;
#1995 = CARTESIAN_POINT ( 'NONE',  ( 1.054999999999999900, 0.05000000000000001000, 1.297999999999999200 ) ) ;
#1996 = ORIENTED_EDGE ( 'NONE', *, *, #1035, .T. ) ;
#1997 = CIRCLE ( 'NONE', #396, 0.1250000000000000300 ) ;
#1998 = CIRCLE ( 'NONE', #1010, 0.06250000000000001400 ) ;
#1999 = EDGE_CURVE ( 'NONE', #1411, #782, #2678, .T. ) ;
#2000 = ADVANCED_FACE ( 'NONE', ( #2106 ), #2817, .F. ) ;
#2001 = CARTESIAN_POINT ( 'NONE',  ( -1.043342308546124900, 0.2065000000000000400, -0.1175000000000006900 ) ) ;
#2002 = DIRECTION ( 'NONE',  ( 1.000000000000000000, 0.0000000000000000000, 0.0000000000000000000 ) ) ;
#2003 = DIRECTION ( 'NONE',  ( 0.0000000000000000000, -0.0000000000000000000, 1.000000000000000000 ) ) ;
#2004 = CARTESIAN_POINT ( 'NONE',  ( -0.9799999999999999800, 0.05000000000000001000, 1.297999999999999400 ) ) ;
#2005 = ORIENTED_EDGE ( 'NONE', *, *, #2122, .F. ) ;
#2006 = CYLINDRICAL_SURFACE ( 'NONE', #2111, 0.05349999999999999200 ) ;
#2007 = DIRECTION ( 'NONE',  ( 0.0000000000000000000, 0.0000000000000000000, -1.000000000000000000 ) ) ;
#2008 = FACE_OUTER_BOUND ( 'NONE', #2430, .T. ) ;
#2009 = DIRECTION ( 'NONE',  ( 0.0000000000000000000, 2.179665952391699700E-016, 1.000000000000000000 ) ) ;
#2010 = FACE_OUTER_BOUND ( 'NONE', #2231, .T. ) ;
#2011 = EDGE_CURVE ( 'NONE', #2018, #778, #972, .T. ) ;
#2012 = VECTOR ( 'NONE', #998, 39.37007874015748100 ) ;
#2013 = CARTESIAN_POINT ( 'NONE',  ( 1.024999999999996800, 0.08000000000000002900, 1.323000000000000200 ) ) ;
#2014 = EDGE_LOOP ( 'NONE', ( #453, #1883, #684, #2708 ) ) ;
#2015 = ADVANCED_FACE ( 'NONE', ( #1485 ), #2480, .F. ) ;
#2016 = VERTEX_POINT ( 'NONE', #80 ) ;
#2017 = ORIENTED_EDGE ( 'NONE', *, *, #1999, .F. ) ;
#2018 = VERTEX_POINT ( 'NONE', #738 ) ;
#2019 = EDGE_CURVE ( 'NONE', #1409, #1285, #1076, .T. ) ;
#2020 = DIRECTION ( 'NONE',  ( 1.000000000000000000, -0.0000000000000000000, -9.948463196155370300E-017 ) ) ;
#2021 = AXIS2_PLACEMENT_3D ( 'NONE', #1311, #215, #651 ) ;
#2022 = ORIENTED_EDGE ( 'NONE', *, *, #2257, .T. ) ;
#2023 = CARTESIAN_POINT ( 'NONE',  ( 1.024999999999996800, 0.08150000000000008600, -0.4084999999999992000 ) ) ;
#2024 = LINE ( 'NONE', #1208, #1344 ) ;
#2025 = DIRECTION ( 'NONE',  ( 0.0000000000000000000, 1.000000000000000000, 0.0000000000000000000 ) ) ;
#2026 = DIRECTION ( 'NONE',  ( 0.0000000000000000000, -0.0000000000000000000, 1.000000000000000000 ) ) ;
#2027 = AXIS2_PLACEMENT_3D ( 'NONE', #1923, #1282, #199 ) ;
#2028 = CARTESIAN_POINT ( 'NONE',  ( 1.043342308546124900, 0.08150000000000007200, 0.7234999999999978100 ) ) ;
#2029 = VERTEX_POINT ( 'NONE', #977 ) ;
#2030 = EDGE_CURVE ( 'NONE', #2092, #109, #799, .T. ) ;
#2031 = ADVANCED_FACE ( 'NONE', ( #943 ), #2319, .F. ) ;
#2032 = DIRECTION ( 'NONE',  ( -0.0000000000000000000, -1.000000000000000000, -0.0000000000000000000 ) ) ;
#2033 = CARTESIAN_POINT ( 'NONE',  ( 1.043342308546125300, 0.2065000000000000400, -0.7345000000000023700 ) ) ;
#2034 = CARTESIAN_POINT ( 'NONE',  ( 1.043342308546124200, 0.1440000000000000200, -0.1735000000000019600 ) ) ;
#2035 = DIRECTION ( 'NONE',  ( 0.0000000000000000000, 0.0000000000000000000, -1.000000000000000000 ) ) ;
#2036 = CARTESIAN_POINT ( 'NONE',  ( 0.8725000000000000500, 0.08000000000000002900, 1.171500000000000000 ) ) ;
#2037 = AXIS2_PLACEMENT_3D ( 'NONE', #2047, #290, #500 ) ;
#2038 = VECTOR ( 'NONE', #1770, 39.37007874015748100 ) ;
#2039 = VECTOR ( 'NONE', #859, 39.37007874015748100 ) ;
#2040 = EDGE_CURVE ( 'NONE', #1091, #2530, #152, .T. ) ;
#2041 = CIRCLE ( 'NONE', #2409, 0.05349999999999999200 ) ;
#2042 = DIRECTION ( 'NONE',  ( 1.000000000000000000, -0.0000000000000000000, -9.948463196155370300E-017 ) ) ;
#2043 = AXIS2_PLACEMENT_3D ( 'NONE', #1014, #2314, #997 ) ;
#2044 = ORIENTED_EDGE ( 'NONE', *, *, #190, .F. ) ;
#2045 = LINE ( 'NONE', #1503, #706 ) ;
#2046 = CARTESIAN_POINT ( 'NONE',  ( -0.8725000000000001600, 0.2100000000000000200, -1.046000000000000000 ) ) ;
#2047 = CARTESIAN_POINT ( 'NONE',  ( 0.9049999999999998000, 0.1440000000000000200, -0.1735000000000019600 ) ) ;
#2048 = LINE ( 'NONE', #710, #883 ) ;
#2049 = DIRECTION ( 'NONE',  ( 0.0000000000000000000, 0.0000000000000000000, -1.000000000000000000 ) ) ;
#2050 = CIRCLE ( 'NONE', #1361, 0.06250000000000001400 ) ;
#2051 = ORIENTED_EDGE ( 'NONE', *, *, #2349, .T. ) ;
#2052 = CARTESIAN_POINT ( 'NONE',  ( -0.8725000000000001600, 0.09000000000000001100, -1.171000000000000000 ) ) ;
#2053 = EDGE_LOOP ( 'NONE', ( #401, #1646, #1985, #937 ) ) ;
#2054 = VERTEX_POINT ( 'NONE', #724 ) ;
#2055 = DIRECTION ( 'NONE',  ( 1.000000000000000000, -0.0000000000000000000, -9.948463196155370300E-017 ) ) ;
#2056 = ORIENTED_EDGE ( 'NONE', *, *, #2328, .T. ) ;
#2057 = EDGE_CURVE ( 'NONE', #1804, #548, #2674, .T. ) ;
#2058 = ORIENTED_EDGE ( 'NONE', *, *, #1774, .T. ) ;
#2059 = VERTEX_POINT ( 'NONE', #2710 ) ;
#2060 = EDGE_CURVE ( 'NONE', #2098, #169, #1172, .T. ) ;
#2061 = DIRECTION ( 'NONE',  ( 0.0000000000000000000, 0.0000000000000000000, -1.000000000000000000 ) ) ;
#2062 = CARTESIAN_POINT ( 'NONE',  ( 1.024999999999996800, 0.08149999999999971200, 1.323000000000000200 ) ) ;
#2063 = EDGE_CURVE ( 'NONE', #1602, #778, #1854, .T. ) ;
#2064 = DIRECTION ( 'NONE',  ( 0.0000000000000000000, 1.000000000000000000, 0.0000000000000000000 ) ) ;
#2065 = CARTESIAN_POINT ( 'NONE',  ( 1.024999999999996800, 0.08149999999999992000, 1.323000000000000200 ) ) ;
#2066 = ORIENTED_EDGE ( 'NONE', *, *, #2671, .T. ) ;
#2067 = FACE_OUTER_BOUND ( 'NONE', #1474, .T. ) ;
#2068 = VECTOR ( 'NONE', #2128, 39.37007874015748100 ) ;
#2069 = FACE_OUTER_BOUND ( 'NONE', #1539, .T. ) ;
#2070 = DIRECTION ( 'NONE',  ( 0.4226182617406989400, -0.9063077870366501600, 0.0000000000000000000 ) ) ;
#2071 = CARTESIAN_POINT ( 'NONE',  ( 1.043342308546124200, 0.1440000000000000700, -0.4709999999999993100 ) ) ;
#2072 = FACE_OUTER_BOUND ( 'NONE', #2775, .T. ) ;
#2073 = ADVANCED_FACE ( 'NONE', ( #148 ), #995, .T. ) ;
#2074 = EDGE_CURVE ( 'NONE', #2692, #820, #2096, .T. ) ;
#2075 = AXIS2_PLACEMENT_3D ( 'NONE', #1890, #1001, #1626 ) ;
#2076 = DIRECTION ( 'NONE',  ( 0.0000000000000000000, 0.0000000000000000000, 1.000000000000000000 ) ) ;
#2077 = ORIENTED_EDGE ( 'NONE', *, *, #1608, .F. ) ;
#2078 = FACE_OUTER_BOUND ( 'NONE', #1870, .T. ) ;
#2079 = DIRECTION ( 'NONE',  ( -0.0000000000000000000, 1.000000000000000000, -0.0000000000000000000 ) ) ;
#2080 = VECTOR ( 'NONE', #1386, 39.37007874015748100 ) ;
#2081 = AXIS2_PLACEMENT_3D ( 'NONE', #1857, #1594, #1396 ) ;
#2082 = FACE_OUTER_BOUND ( 'NONE', #742, .T. ) ;
#2083 = DIRECTION ( 'NONE',  ( 0.0000000000000000000, -1.000000000000000000, 0.0000000000000000000 ) ) ;
#2084 = CARTESIAN_POINT ( 'NONE',  ( 1.043342308546124900, 0.2065000000000000400, 0.3925000000000004000 ) ) ;
#2085 = DIRECTION ( 'NONE',  ( 1.000000000000000000, 0.0000000000000000000, 0.0000000000000000000 ) ) ;
#2086 = LINE ( 'NONE', #2139, #509 ) ;
#2087 = EDGE_CURVE ( 'NONE', #2157, #2560, #47, .T. ) ;
#2088 = CARTESIAN_POINT ( 'NONE',  ( 0.8725000000000000500, 0.2100000000000000200, 1.046500000000000000 ) ) ;
#2089 = ORIENTED_EDGE ( 'NONE', *, *, #1415, .F. ) ;
#2090 = ORIENTED_EDGE ( 'NONE', *, *, #1517, .F. ) ;
#2091 = ORIENTED_EDGE ( 'NONE', *, *, #2404, .F. ) ;
#2092 = VERTEX_POINT ( 'NONE', #1201 ) ;
#2093 = VERTEX_POINT ( 'NONE', #2280 ) ;
#2094 = DIRECTION ( 'NONE',  ( 0.0000000000000000000, 0.0000000000000000000, -1.000000000000000000 ) ) ;
#2095 = AXIS2_PLACEMENT_3D ( 'NONE', #864, #21, #633 ) ;
#2096 = LINE ( 'NONE', #2482, #349 ) ;
#2097 = DIRECTION ( 'NONE',  ( 1.000000000000000000, 0.0000000000000000000, -9.948463196155366600E-017 ) ) ;
#2098 = VERTEX_POINT ( 'NONE', #2046 ) ;
#2099 = DIRECTION ( 'NONE',  ( -2.168432650728150300E-032, -1.000000000000000000, -2.179665952391673600E-016 ) ) ;
#2100 = CARTESIAN_POINT ( 'NONE',  ( 1.024999999999996800, 0.08000000000000002900, 1.323000000000000200 ) ) ;
#2101 = CARTESIAN_POINT ( 'NONE',  ( -1.055000000000000200, 0.2315000000000005100, 0.1174999999999992000 ) ) ;
#2102 = ORIENTED_EDGE ( 'NONE', *, *, #286, .T. ) ;
#2103 = DIRECTION ( 'NONE',  ( -9.948463196155366600E-017, 0.0000000000000000000, -1.000000000000000000 ) ) ;
#2104 = EDGE_CURVE ( 'NONE', #76, #987, #175, .T. ) ;
#2105 = FACE_OUTER_BOUND ( 'NONE', #1765, .T. ) ;
#2106 = FACE_OUTER_BOUND ( 'NONE', #1173, .T. ) ;
#2107 = CYLINDRICAL_SURFACE ( 'NONE', #1082, 0.07500000000000002500 ) ;
#2108 = DIRECTION ( 'NONE',  ( 0.0000000000000000000, 0.0000000000000000000, 1.000000000000000000 ) ) ;
#2109 = VERTEX_POINT ( 'NONE', #2259 ) ;
#2110 = FACE_OUTER_BOUND ( 'NONE', #2401, .T. ) ;
#2111 = AXIS2_PLACEMENT_3D ( 'NONE', #546, #790, #2076 ) ;
#2112 = CARTESIAN_POINT ( 'NONE',  ( -1.055000000000000200, 0.2700000000000000200, -1.373000000000000900 ) ) ;
#2113 = FACE_OUTER_BOUND ( 'NONE', #584, .T. ) ;
#2114 = CARTESIAN_POINT ( 'NONE',  ( -0.9050000000000000300, 0.2065000000000000700, 0.1174999999999992000 ) ) ;
#2115 = CONICAL_SURFACE ( 'NONE', #2208, 0.06249999999999995100, 1.134464013796324900 ) ;
#2116 = AXIS2_PLACEMENT_3D ( 'NONE', #1338, #2187, #2407 ) ;
#2117 = ORIENTED_EDGE ( 'NONE', *, *, #2191, .F. ) ;
#2118 =( NAMED_UNIT ( * ) SI_UNIT ( $, .STERADIAN. ) SOLID_ANGLE_UNIT ( ) );
#2119 = DIRECTION ( 'NONE',  ( -0.0000000000000000000, -1.000000000000000000, -0.0000000000000000000 ) ) ;
#2120 = ORIENTED_EDGE ( 'NONE', *, *, #2533, .F. ) ;
#2121 = EDGE_LOOP ( 'NONE', ( #598, #1841, #1879, #1112 ) ) ;
#2122 = EDGE_CURVE ( 'NONE', #483, #94, #1098, .T. ) ;
#2123 = VERTEX_POINT ( 'NONE', #1161 ) ;
#2124 = CARTESIAN_POINT ( 'NONE',  ( -1.055000000000000200, 0.2700000000000000200, -1.373000000000000900 ) ) ;
#2125 = EDGE_LOOP ( 'NONE', ( #39, #2022, #450, #1636 ) ) ;
#2126 = ORIENTED_EDGE ( 'NONE', *, *, #1463, .T. ) ;
#2127 = DIRECTION ( 'NONE',  ( -1.000000000000000000, -0.0000000000000000000, 9.948463196155367900E-017 ) ) ;
#2128 = DIRECTION ( 'NONE',  ( 9.948463196155366600E-017, -1.453110634927782100E-016, 1.000000000000000000 ) ) ;
#2129 = CARTESIAN_POINT ( 'NONE',  ( -0.8725000000000001600, 0.09000000000000001100, -1.171000000000000000 ) ) ;
#2130 = AXIS2_PLACEMENT_3D ( 'NONE', #1168, #1379, #68 ) ;
#2131 = DIRECTION ( 'NONE',  ( 0.0000000000000000000, 0.0000000000000000000, -1.000000000000000000 ) ) ;
#2132 = CARTESIAN_POINT ( 'NONE',  ( 1.024999999999996800, 0.1440000000000000700, 0.7234999999999978100 ) ) ;
#2133 = DIRECTION ( 'NONE',  ( -1.000000000000000000, 0.0000000000000000000, 9.948463196155365400E-017 ) ) ;
#2134 = DIRECTION ( 'NONE',  ( 0.0000000000000000000, 0.0000000000000000000, -1.000000000000000000 ) ) ;
#2135 = DIRECTION ( 'NONE',  ( 0.0000000000000000000, 1.000000000000000000, 0.0000000000000000000 ) ) ;
#2136 = ORIENTED_EDGE ( 'NONE', *, *, #2057, .F. ) ;
#2137 = VECTOR ( 'NONE', #2251, 39.37007874015748100 ) ;
#2138 = DIRECTION ( 'NONE',  ( -9.948463196155366600E-017, 1.453110634927815900E-016, -1.000000000000000000 ) ) ;
#2139 = CARTESIAN_POINT ( 'NONE',  ( -1.043342308546124900, 0.08150000000000000300, -0.1175000000000006900 ) ) ;
#2140 = CARTESIAN_POINT ( 'NONE',  ( -1.043342308546124900, 0.2065000000000000400, -0.1175000000000006900 ) ) ;
#2141 = EDGE_LOOP ( 'NONE', ( #567, #2727, #683, #2824 ) ) ;
#2142 = DIRECTION ( 'NONE',  ( -0.9063077870366512700, 0.4226182617406967800, 1.515748057022413500E-016 ) ) ;
#2143 = LINE ( 'NONE', #981, #2750 ) ;
#2144 = FACE_BOUND ( 'NONE', #1738, .T. ) ;
#2145 = ADVANCED_FACE ( 'NONE', ( #424 ), #2476, .F. ) ;
#2146 = CARTESIAN_POINT ( 'NONE',  ( 0.9799999999999999800, 0.0000000000000000000, 1.322999999999999300 ) ) ;
#2147 = CARTESIAN_POINT ( 'NONE',  ( 1.054999999999999700, 0.05649999999999898200, -0.4084999999999993600 ) ) ;
#2148 = EDGE_CURVE ( 'NONE', #313, #2560, #521, .T. ) ;
#2149 = VECTOR ( 'NONE', #2303, 39.37007874015748100 ) ;
#2150 = CARTESIAN_POINT ( 'NONE',  ( -0.9800000000000002000, 0.0000000000000000000, -1.298000000000000900 ) ) ;
#2151 = CIRCLE ( 'NONE', #635, 0.08750000000000114600 ) ;
#2152 = ORIENTED_EDGE ( 'NONE', *, *, #835, .T. ) ;
#2153 = PLANE ( 'NONE',  #2021 ) ;
#2154 = EDGE_LOOP ( 'NONE', ( #2168, #2544, #2439, #2552 ) ) ;
#2155 = PRODUCT_DEFINITION_FORMATION_WITH_SPECIFIED_SOURCE ( 'ANY', '', #727, .NOT_KNOWN. ) ;
#2156 = EDGE_LOOP ( 'NONE', ( #1821, #840, #1337, #493 ) ) ;
#2157 = VERTEX_POINT ( 'NONE', #147 ) ;
#2158 = CARTESIAN_POINT ( 'NONE',  ( 0.8725000000000000500, 0.2100000000000000200, 1.171500000000000000 ) ) ;
#2159 = DIRECTION ( 'NONE',  ( 0.0000000000000000000, 0.0000000000000000000, -1.000000000000000000 ) ) ;
#2160 = ORIENTED_EDGE ( 'NONE', *, *, #950, .F. ) ;
#2161 = ORIENTED_EDGE ( 'NONE', *, *, #1972, .T. ) ;
#2162 = EDGE_CURVE ( 'NONE', #646, #2332, #1851, .T. ) ;
#2163 = DIRECTION ( 'NONE',  ( 1.000000000000000000, 0.0000000000000000000, 0.0000000000000000000 ) ) ;
#2164 = CARTESIAN_POINT ( 'NONE',  ( -0.8725000000000001600, 0.09000000000000001100, 1.224499999999999900 ) ) ;
#2165 = ADVANCED_FACE ( 'NONE', ( #553, #2501, #2598, #2336, #1572 ), #557, .F. ) ;
#2166 = DIRECTION ( 'NONE',  ( -0.0000000000000000000, 1.000000000000000000, -0.0000000000000000000 ) ) ;
#2167 = EDGE_CURVE ( 'NONE', #2472, #1094, #1715, .T. ) ;
#2168 = ORIENTED_EDGE ( 'NONE', *, *, #876, .F. ) ;
#2169 = VERTEX_POINT ( 'NONE', #1877 ) ;
#2170 = CARTESIAN_POINT ( 'NONE',  ( 1.043342308546124900, 0.1440000000000000200, 0.3925000000000004000 ) ) ;
#2171 = DIRECTION ( 'NONE',  ( 0.0000000000000000000, 0.0000000000000000000, 1.000000000000000000 ) ) ;
#2172 = ORIENTED_EDGE ( 'NONE', *, *, #535, .F. ) ;
#2173 = DIRECTION ( 'NONE',  ( 0.4226182617407038800, 0.9063077870366478300, 0.0000000000000000000 ) ) ;
#2174 = CYLINDRICAL_SURFACE ( 'NONE', #153, 0.06249999999999995100 ) ;
#2175 = CYLINDRICAL_SURFACE ( 'NONE', #1351, 0.05000000000000001000 ) ;
#2176 = CARTESIAN_POINT ( 'NONE',  ( -1.055000000000000200, 0.1440000000000000700, 0.1174999999999992600 ) ) ;
#2177 = EDGE_CURVE ( 'NONE', #548, #1095, #2024, .T. ) ;
#2178 = CIRCLE ( 'NONE', #1029, 0.1250000000000000300 ) ;
#2179 = DIRECTION ( 'NONE',  ( 0.0000000000000000000, -1.000000000000000000, 0.0000000000000000000 ) ) ;
#2180 = CARTESIAN_POINT ( 'NONE',  ( -0.9050000000000000300, 0.1440000000000000700, 0.1799999999999992400 ) ) ;
#2181 = VECTOR ( 'NONE', #2020, 39.37007874015748100 ) ;
#2182 = DIRECTION ( 'NONE',  ( -9.948463196155366600E-017, 0.0000000000000000000, -1.000000000000000000 ) ) ;
#2183 = DIRECTION ( 'NONE',  ( 0.0000000000000000000, -0.0000000000000000000, 1.000000000000000000 ) ) ;
#2184 = CARTESIAN_POINT ( 'NONE',  ( 1.043342308546124200, 0.2065000000000000200, -0.1735000000000019600 ) ) ;
#2185 = LINE ( 'NONE', #314, #232 ) ;
#2186 = AXIS2_PLACEMENT_3D ( 'NONE', #332, #122, #2309 ) ;
#2187 = DIRECTION ( 'NONE',  ( -0.0000000000000000000, -1.000000000000000000, -0.0000000000000000000 ) ) ;
#2188 = DIRECTION ( 'NONE',  ( -0.0000000000000000000, 0.0000000000000000000, 1.000000000000000000 ) ) ;
#2189 = FACE_OUTER_BOUND ( 'NONE', #2633, .T. ) ;
#2190 = ORIENTED_EDGE ( 'NONE', *, *, #2040, .T. ) ;
#2191 = EDGE_CURVE ( 'NONE', #103, #2378, #756, .T. ) ;
#2192 = UNCERTAINTY_MEASURE_WITH_UNIT (LENGTH_MEASURE( 1.000000000000000100E-005 ), #2536, 'distance_accuracy_value', 'NONE');
#2193 = DIRECTION ( 'NONE',  ( 0.0000000000000000000, 0.0000000000000000000, 1.000000000000000000 ) ) ;
#2194 = ORIENTED_EDGE ( 'NONE', *, *, #1746, .F. ) ;
#2195 = CARTESIAN_POINT ( 'NONE',  ( -0.9050000000000000300, 0.2065000000000000400, -0.1175000000000007100 ) ) ;
#2196 = ORIENTED_EDGE ( 'NONE', *, *, #2636, .F. ) ;
#2197 = DIRECTION ( 'NONE',  ( 0.0000000000000000000, 1.000000000000000000, 0.0000000000000000000 ) ) ;
#2198 = AXIS2_PLACEMENT_3D ( 'NONE', #2412, #1519, #1104 ) ;
#2199 = ORIENTED_EDGE ( 'NONE', *, *, #1235, .T. ) ;
#2200 = PLANE ( 'NONE',  #642 ) ;
#2201 = ORIENTED_EDGE ( 'NONE', *, *, #2104, .F. ) ;
#2202 = VERTEX_POINT ( 'NONE', #2731 ) ;
#2203 = VERTEX_POINT ( 'NONE', #552 ) ;
#2204 = ORIENTED_EDGE ( 'NONE', *, *, #1812, .T. ) ;
#2205 = CARTESIAN_POINT ( 'NONE',  ( 0.9049999999999995800, 0.2065000000000000400, -0.7345000000000023700 ) ) ;
#2206 = CARTESIAN_POINT ( 'NONE',  ( 1.054999999999999700, 0.05650000000000030700, -0.7345000000000023700 ) ) ;
#2207 = ORIENTED_EDGE ( 'NONE', *, *, #2277, .F. ) ;
#2208 = AXIS2_PLACEMENT_3D ( 'NONE', #2676, #1381, #2094 ) ;
#2209 = ADVANCED_FACE ( 'NONE', ( #1953, #860, #1233, #1133, #723 ), #1003, .F. ) ;
#2210 = PLANE ( 'NONE',  #1965 ) ;
#2211 = AXIS2_PLACEMENT_3D ( 'NONE', #2566, #2571, #407 ) ;
#2212 = DIRECTION ( 'NONE',  ( 0.0000000000000000000, 1.000000000000000000, 0.0000000000000000000 ) ) ;
#2213 = CARTESIAN_POINT ( 'NONE',  ( 1.054999999999999700, 0.1440000000000000200, -0.1735000000000019600 ) ) ;
#2214 = CIRCLE ( 'NONE', #2481, 0.05000000000000000300 ) ;
#2215 = FACE_OUTER_BOUND ( 'NONE', #1671, .T. ) ;
#2216 = DIRECTION ( 'NONE',  ( 1.000000000000000000, 0.0000000000000000000, 0.0000000000000000000 ) ) ;
#2217 = ORIENTED_EDGE ( 'NONE', *, *, #2074, .T. ) ;
#2218 = FACE_OUTER_BOUND ( 'NONE', #43, .T. ) ;
#2219 = PLANE ( 'NONE',  #1290 ) ;
#2220 = EDGE_CURVE ( 'NONE', #2472, #1411, #2442, .T. ) ;
#2221 = CIRCLE ( 'NONE', #2561, 0.06249999999999997900 ) ;
#2222 = DIRECTION ( 'NONE',  ( -1.000000000000000000, -0.0000000000000000000, 9.948463196155367900E-017 ) ) ;
#2223 = CARTESIAN_POINT ( 'NONE',  ( 1.043342308546124200, 0.2065000000000000400, -0.4084999999999993600 ) ) ;
#2224 = ADVANCED_FACE ( 'NONE', ( #142 ), #774, .F. ) ;
#2225 =( LENGTH_UNIT ( ) NAMED_UNIT ( * ) SI_UNIT ( $, .METRE. ) );
#2226 = LINE ( 'NONE', #1432, #2550 ) ;
#2227 = CARTESIAN_POINT ( 'NONE',  ( 0.9049999999999998000, 0.08150000000000004500, -0.1735000000000019600 ) ) ;
#2228 = FACE_OUTER_BOUND ( 'NONE', #2627, .T. ) ;
#2229 = VECTOR ( 'NONE', #1622, 39.37007874015748100 ) ;
#2230 = AXIS2_PLACEMENT_3D ( 'NONE', #733, #1384, #1824 ) ;
#2231 = EDGE_LOOP ( 'NONE', ( #1987, #889, #2816, #1951 ) ) ;
#2232 = ORIENTED_EDGE ( 'NONE', *, *, #752, .F. ) ;
#2233 = ORIENTED_EDGE ( 'NONE', *, *, #275, .F. ) ;
#2234 = DIRECTION ( 'NONE',  ( 1.000000000000000000, 0.0000000000000000000, 0.0000000000000000000 ) ) ;
#2235 = DIRECTION ( 'NONE',  ( 0.0000000000000000000, 0.0000000000000000000, 1.000000000000000000 ) ) ;
#2236 = ORIENTED_EDGE ( 'NONE', *, *, #1882, .F. ) ;
#2237 = AXIS2_PLACEMENT_3D ( 'NONE', #1240, #2774, #1472 ) ;
#2238 = EDGE_LOOP ( 'NONE', ( #2765, #242, #2691, #1435 ) ) ;
#2239 = CARTESIAN_POINT ( 'NONE',  ( 1.043342308546124200, 0.1440000000000000200, -0.1735000000000019600 ) ) ;
#2240 = EDGE_CURVE ( 'NONE', #2054, #1748, #689, .T. ) ;
#2241 = ADVANCED_FACE ( 'NONE', ( #587 ), #1203, .F. ) ;
#2242 = DIRECTION ( 'NONE',  ( 0.0000000000000000000, 0.0000000000000000000, 1.000000000000000000 ) ) ;
#2243 = ORIENTED_EDGE ( 'NONE', *, *, #1019, .F. ) ;
#2244 = DIRECTION ( 'NONE',  ( 1.000000000000000000, 0.0000000000000000000, 0.0000000000000000000 ) ) ;
#2245 = AXIS2_PLACEMENT_3D ( 'NONE', #2411, #2623, #1316 ) ;
#2246 = DIRECTION ( 'NONE',  ( 1.000000000000000000, 0.0000000000000000000, 0.0000000000000000000 ) ) ;
#2247 = MANIFOLD_SOLID_BREP ( 'Chamfer1', #511 ) ;
#2248 = ORIENTED_EDGE ( 'NONE', *, *, #1823, .T. ) ;
#2249 = EDGE_CURVE ( 'NONE', #2109, #1375, #1079, .T. ) ;
#2250 = VECTOR ( 'NONE', #490, 39.37007874015748100 ) ;
#2251 = DIRECTION ( 'NONE',  ( 1.000000000000000000, -0.0000000000000000000, -9.948463196155370300E-017 ) ) ;
#2252 = CARTESIAN_POINT ( 'NONE',  ( 1.043342308546125100, 0.1440000000000000700, -0.9694999999999997000 ) ) ;
#2253 = LINE ( 'NONE', #1452, #538 ) ;
#2254 = CARTESIAN_POINT ( 'NONE',  ( 0.9049999999999998000, 0.2065000000000000400, 0.3925000000000004000 ) ) ;
#2255 = LINE ( 'NONE', #2585, #1969 ) ;
#2256 = FACE_OUTER_BOUND ( 'NONE', #1158, .T. ) ;
#2257 = EDGE_CURVE ( 'NONE', #30, #1373, #1487, .T. ) ;
#2258 = TOROIDAL_SURFACE ( 'NONE', #389, 0.02499999999999999100, 0.05000000000000000300 ) ;
#2259 = CARTESIAN_POINT ( 'NONE',  ( 1.024999999999996800, 0.2065000000000000400, -0.7345000000000023700 ) ) ;
#2260 = CARTESIAN_POINT ( 'NONE',  ( 0.8725000000000000500, 0.2100000000000000200, 1.224999999999999900 ) ) ;
#2261 = ORIENTED_EDGE ( 'NONE', *, *, #446, .F. ) ;
#2262 = EDGE_CURVE ( 'NONE', #2560, #1804, #2604, .T. ) ;
#2263 = ORIENTED_EDGE ( 'NONE', *, *, #1281, .F. ) ;
#2264 = ORIENTED_EDGE ( 'NONE', *, *, #691, .T. ) ;
#2265 = EDGE_LOOP ( 'NONE', ( #1778, #678 ) ) ;
#2266 = CARTESIAN_POINT ( 'NONE',  ( -0.8725000000000001600, 0.2100000000000000200, -1.171000000000000000 ) ) ;
#2267 = ORIENTED_EDGE ( 'NONE', *, *, #2365, .T. ) ;
#2268 = ORIENTED_EDGE ( 'NONE', *, *, #2418, .F. ) ;
#2269 = ADVANCED_FACE ( 'NONE', ( #2403 ), #1032, .T. ) ;
#2270 = ORIENTED_EDGE ( 'NONE', *, *, #1451, .F. ) ;
#2271 = CARTESIAN_POINT ( 'NONE',  ( 0.9799999999999997600, 0.2700000000000000200, -1.298000000000000900 ) ) ;
#2272 = SURFACE_STYLE_FILL_AREA ( #795 ) ;
#2273 = DIRECTION ( 'NONE',  ( -0.0000000000000000000, 1.000000000000000000, -0.0000000000000000000 ) ) ;
#2274 = AXIS2_PLACEMENT_3D ( 'NONE', #1293, #176, #1070 ) ;
#2275 = CARTESIAN_POINT ( 'NONE',  ( 0.8725000000000000500, 0.08000000000000002900, 1.171500000000000000 ) ) ;
#2276 = CARTESIAN_POINT ( 'NONE',  ( 0.9049999999999995800, 0.1440000000000000200, -0.7345000000000023700 ) ) ;
#2277 = EDGE_CURVE ( 'NONE', #2595, #1565, #2712, .T. ) ;
#2278 = CARTESIAN_POINT ( 'NONE',  ( 1.043342308546124200, 0.2065000000000000200, -0.1735000000000019600 ) ) ;
#2279 = ORIENTED_EDGE ( 'NONE', *, *, #1144, .F. ) ;
#2280 = CARTESIAN_POINT ( 'NONE',  ( 1.054999999999999700, 0.1440000000000000700, -1.056999999999999500 ) ) ;
#2281 = ADVANCED_FACE ( 'NONE', ( #1805 ), #1966, .F. ) ;
#2282 = LINE ( 'NONE', #865, #1583 ) ;
#2283 = DIRECTION ( 'NONE',  ( 0.4226182617406979400, 0.0000000000000000000, -0.9063077870366507100 ) ) ;
#2284 = ORIENTED_EDGE ( 'NONE', *, *, #1480, .T. ) ;
#2285 = CARTESIAN_POINT ( 'NONE',  ( 1.054999999999999700, 0.2314999999999999800, 0.3925000000000004000 ) ) ;
#2286 = AXIS2_PLACEMENT_3D ( 'NONE', #4, #2809, #448 ) ;
#2287 = ORIENTED_EDGE ( 'NONE', *, *, #1000, .T. ) ;
#2288 = VECTOR ( 'NONE', #291, 39.37007874015748100 ) ;
#2289 = DIRECTION ( 'NONE',  ( 0.0000000000000000000, 0.0000000000000000000, 1.000000000000000000 ) ) ;
#2290 = ORIENTED_EDGE ( 'NONE', *, *, #1638, .F. ) ;
#2291 = DIRECTION ( 'NONE',  ( 0.0000000000000000000, 0.0000000000000000000, 1.000000000000000000 ) ) ;
#2292 = CONICAL_SURFACE ( 'NONE', #2616, 0.06250000000000001400, 1.134464013796316000 ) ;
#2293 = DIRECTION ( 'NONE',  ( 1.000000000000000000, 0.0000000000000000000, 0.0000000000000000000 ) ) ;
#2294 = DIRECTION ( 'NONE',  ( 1.000000000000000000, 0.0000000000000000000, 0.0000000000000000000 ) ) ;
#2295 = VECTOR ( 'NONE', #1065, 39.37007874015748900 ) ;
#2296 = ORIENTED_EDGE ( 'NONE', *, *, #1774, .F. ) ;
#2297 = DIRECTION ( 'NONE',  ( -0.0000000000000000000, -1.000000000000000000, -0.0000000000000000000 ) ) ;
#2298 = CARTESIAN_POINT ( 'NONE',  ( 1.043342308546124200, 0.1440000000000000700, -0.4709999999999993100 ) ) ;
#2299 = DIRECTION ( 'NONE',  ( 0.0000000000000000000, -0.0000000000000000000, 1.000000000000000000 ) ) ;
#2300 = ORIENTED_EDGE ( 'NONE', *, *, #2057, .T. ) ;
#2301 = ORIENTED_EDGE ( 'NONE', *, *, #796, .F. ) ;
#2302 = ORIENTED_EDGE ( 'NONE', *, *, #1889, .F. ) ;
#2303 = DIRECTION ( 'NONE',  ( 0.0000000000000000000, 2.179665952391673600E-016, -1.000000000000000000 ) ) ;
#2304 = ORIENTED_EDGE ( 'NONE', *, *, #1999, .T. ) ;
#2305 = EDGE_CURVE ( 'NONE', #1543, #1764, #1654, .T. ) ;
#2306 = CARTESIAN_POINT ( 'NONE',  ( 1.043342308546124900, 0.1440000000000000700, 0.6609999999999978100 ) ) ;
#2307 = DIRECTION ( 'NONE',  ( 0.0000000000000000000, -1.000000000000000000, 0.0000000000000000000 ) ) ;
#2308 = DIRECTION ( 'NONE',  ( -9.948463196155366600E-017, 1.453110634927782100E-016, -1.000000000000000000 ) ) ;
#2309 = DIRECTION ( 'NONE',  ( 0.0000000000000000000, 0.0000000000000000000, 1.000000000000000000 ) ) ;
#2310 = DIRECTION ( 'NONE',  ( 0.0000000000000000000, 1.000000000000000000, 0.0000000000000000000 ) ) ;
#2311 = EDGE_CURVE ( 'NONE', #1128, #483, #2749, .T. ) ;
#2312 = CARTESIAN_POINT ( 'NONE',  ( 0.9049999999999998000, 0.1440000000000000700, 0.1574999999999976100 ) ) ;
#2313 = VERTEX_POINT ( 'NONE', #2380 ) ;
#2314 = DIRECTION ( 'NONE',  ( -0.0000000000000000000, 1.000000000000000000, -0.0000000000000000000 ) ) ;
#2315 = CARTESIAN_POINT ( 'NONE',  ( 1.054999999999999700, 0.1440000000000000200, -0.7345000000000023700 ) ) ;
#2316 = CARTESIAN_POINT ( 'NONE',  ( -0.8725000000000001600, 0.2100000000000000200, -1.171000000000000000 ) ) ;
#2317 = LINE ( 'NONE', #2541, #1178 ) ;
#2318 = EDGE_CURVE ( 'NONE', #644, #1667, #874, .T. ) ;
#2319 = CYLINDRICAL_SURFACE ( 'NONE', #1592, 0.06249999999999995100 ) ;
#2320 = AXIS2_PLACEMENT_3D ( 'NONE', #180, #2367, #168 ) ;
#2321 = DIRECTION ( 'NONE',  ( -0.0000000000000000000, -1.000000000000000000, -0.0000000000000000000 ) ) ;
#2322 = ORIENTED_EDGE ( 'NONE', *, *, #1865, .T. ) ;
#2323 = CONICAL_SURFACE ( 'NONE', #1724, 0.06249999999999997900, 1.134464013796309300 ) ;
#2324 = ADVANCED_FACE ( 'NONE', ( #504 ), #1319, .F. ) ;
#2325 = LINE ( 'NONE', #2801, #1012 ) ;
#2326 = DIRECTION ( 'NONE',  ( -1.000000000000000000, 0.0000000000000000000, 0.0000000000000000000 ) ) ;
#2327 = CONICAL_SURFACE ( 'NONE', #785, 0.06249999999999995100, 1.134464013796309300 ) ;
#2328 = EDGE_CURVE ( 'NONE', #1502, #2560, #227, .T. ) ;
#2329 = PLANE ( 'NONE',  #304 ) ;
#2330 = VERTEX_POINT ( 'NONE', #630 ) ;
#2331 = ORIENTED_EDGE ( 'NONE', *, *, #38, .T. ) ;
#2332 = VERTEX_POINT ( 'NONE', #2347 ) ;
#2333 = EDGE_LOOP ( 'NONE', ( #2528, #956, #239, #2664, #1417, #467, #1194, #1603 ) ) ;
#2334 = SURFACE_STYLE_USAGE ( .BOTH. , #565 ) ;
#2335 = AXIS2_PLACEMENT_3D ( 'NONE', #2428, #2188, #2638 ) ;
#2336 = FACE_BOUND ( 'NONE', #164, .T. ) ;
#2337 = DIRECTION ( 'NONE',  ( 0.0000000000000000000, 0.0000000000000000000, -1.000000000000000000 ) ) ;
#2338 = ORIENTED_EDGE ( 'NONE', *, *, #1919, .T. ) ;
#2339 = CARTESIAN_POINT ( 'NONE',  ( 1.054999999999999700, 0.05000000000000001000, -1.373000000000000900 ) ) ;
#2340 = CARTESIAN_POINT ( 'NONE',  ( 1.054999999999999900, 0.2700000000000000200, 1.297999999999999200 ) ) ;
#2341 = DIRECTION ( 'NONE',  ( 0.0000000000000000000, 0.0000000000000000000, -1.000000000000000000 ) ) ;
#2342 = CARTESIAN_POINT ( 'NONE',  ( 0.9049999999999998000, 0.08150000000000007200, 0.1574999999999976100 ) ) ;
#2343 = ORIENTED_EDGE ( 'NONE', *, *, #1205, .F. ) ;
#2344 = CIRCLE ( 'NONE', #2286, 0.06250000000000001400 ) ;
#2345 = VECTOR ( 'NONE', #1706, 39.37007874015748100 ) ;
#2346 = ADVANCED_FACE ( 'NONE', ( #1423 ), #2174, .F. ) ;
#2347 = CARTESIAN_POINT ( 'NONE',  ( -0.9799999999999999800, 0.0000000000000000000, 1.322999999999999300 ) ) ;
#2348 = DIRECTION ( 'NONE',  ( 0.0000000000000000000, 0.0000000000000000000, -1.000000000000000000 ) ) ;
#2349 = EDGE_CURVE ( 'NONE', #1411, #2472, #124, .T. ) ;
#2350 = VERTEX_POINT ( 'NONE', #1064 ) ;
#2351 = VECTOR ( 'NONE', #2079, 39.37007874015748100 ) ;
#2352 = AXIS2_PLACEMENT_3D ( 'NONE', #1931, #423, #408 ) ;
#2353 = PLANE ( 'NONE',  #374 ) ;
#2354 = CARTESIAN_POINT ( 'NONE',  ( 1.054999999999999700, 0.05650000000000017500, 0.1574999999999976100 ) ) ;
#2355 = VECTOR ( 'NONE', #2179, 39.37007874015748100 ) ;
#2356 = DIRECTION ( 'NONE',  ( 1.000000000000000000, 0.0000000000000000000, -0.0000000000000000000 ) ) ;
#2357 = CIRCLE ( 'NONE', #1043, 0.08749999999999995300 ) ;
#2358 = AXIS2_PLACEMENT_3D ( 'NONE', #2735, #572, #2554 ) ;
#2359 = VERTEX_POINT ( 'NONE', #2819 ) ;
#2360 = DIRECTION ( 'NONE',  ( 1.000000000000000000, -0.0000000000000000000, -9.948463196155369100E-017 ) ) ;
#2361 = CARTESIAN_POINT ( 'NONE',  ( 0.9049999999999999200, 0.1440000000000000700, 0.7234999999999978100 ) ) ;
#2362 = DIRECTION ( 'NONE',  ( 1.000000000000000000, 0.0000000000000000000, 0.0000000000000000000 ) ) ;
#2363 = FACE_OUTER_BOUND ( 'NONE', #1180, .T. ) ;
#2364 = VERTEX_POINT ( 'NONE', #2146 ) ;
#2365 = EDGE_CURVE ( 'NONE', #2395, #155, #2511, .T. ) ;
#2366 = ORIENTED_EDGE ( 'NONE', *, *, #825, .T. ) ;
#2367 = DIRECTION ( 'NONE',  ( 0.0000000000000000000, 1.000000000000000000, 0.0000000000000000000 ) ) ;
#2368 = ORIENTED_EDGE ( 'NONE', *, *, #2019, .T. ) ;
#2369 = ORIENTED_EDGE ( 'NONE', *, *, #2305, .T. ) ;
#2370 = DIRECTION ( 'NONE',  ( 1.000000000000000000, 0.0000000000000000000, 0.0000000000000000000 ) ) ;
#2371 = CARTESIAN_POINT ( 'NONE',  ( 0.9049999999999998000, 0.1440000000000000700, -0.4084999999999993600 ) ) ;
#2372 = ORIENTED_EDGE ( 'NONE', *, *, #910, .T. ) ;
#2373 = CARTESIAN_POINT ( 'NONE',  ( 1.043342308546125100, 0.2065000000000000700, 0.7234999999999978100 ) ) ;
#2374 = EDGE_CURVE ( 'NONE', #1095, #2631, #1356, .T. ) ;
#2375 = PLANE ( 'NONE',  #754 ) ;
#2376 = AXIS2_PLACEMENT_3D ( 'NONE', #2656, #1567, #1367 ) ;
#2377 = DIRECTION ( 'NONE',  ( 0.0000000000000000000, -1.453110634927815900E-016, 1.000000000000000000 ) ) ;
#2378 = VERTEX_POINT ( 'NONE', #2389 ) ;
#2379 = DIRECTION ( 'NONE',  ( 0.0000000000000000000, 0.0000000000000000000, 1.000000000000000000 ) ) ;
#2380 = CARTESIAN_POINT ( 'NONE',  ( -0.8725000000000001600, 0.2100000000000000200, 1.296000000000000000 ) ) ;
#2381 = EDGE_CURVE ( 'NONE', #392, #1373, #768, .T. ) ;
#2382 = ORIENTED_EDGE ( 'NONE', *, *, #1479, .F. ) ;
#2383 = CARTESIAN_POINT ( 'NONE',  ( 0.8724999999999999400, 0.09000000000000001100, -1.171500000000000000 ) ) ;
#2384 = CARTESIAN_POINT ( 'NONE',  ( -0.8725000000000001600, 0.09000000000000001100, 1.171000000000000000 ) ) ;
#2385 = FACE_OUTER_BOUND ( 'NONE', #2125, .T. ) ;
#2386 = DIRECTION ( 'NONE',  ( 9.948463196155366600E-017, 2.179665952391699700E-016, 1.000000000000000000 ) ) ;
#2387 = AXIS2_PLACEMENT_3D ( 'NONE', #2036, #726, #947 ) ;
#2388 = LINE ( 'NONE', #574, #2351 ) ;
#2389 = CARTESIAN_POINT ( 'NONE',  ( -1.043342308546124900, 0.08150000000000007200, 0.1174999999999992400 ) ) ;
#2390 = EDGE_CURVE ( 'NONE', #1095, #237, #1801, .T. ) ;
#2391 = LINE ( 'NONE', #1204, #709 ) ;
#2392 = ADVANCED_FACE ( 'NONE', ( #1454 ), #2575, .T. ) ;
#2393 = DIRECTION ( 'NONE',  ( 0.0000000000000000000, 0.0000000000000000000, -1.000000000000000000 ) ) ;
#2394 = VECTOR ( 'NONE', #1449, 39.37007874015748100 ) ;
#2395 = VERTEX_POINT ( 'NONE', #884 ) ;
#2396 = DIRECTION ( 'NONE',  ( -0.0000000000000000000, -1.000000000000000000, -0.0000000000000000000 ) ) ;
#2397 = DIRECTION ( 'NONE',  ( -9.948463196155366600E-017, 2.179665952391673600E-016, -1.000000000000000000 ) ) ;
#2398 = EDGE_LOOP ( 'NONE', ( #626, #2696, #2556, #551 ) ) ;
#2399 = ORIENTED_EDGE ( 'NONE', *, *, #403, .F. ) ;
#2400 = EDGE_LOOP ( 'NONE', ( #2331, #244, #1786, #27 ) ) ;
#2401 = EDGE_LOOP ( 'NONE', ( #1215, #594, #1942, #252 ) ) ;
#2402 = EDGE_CURVE ( 'NONE', #2313, #2018, #192, .T. ) ;
#2403 = FACE_OUTER_BOUND ( 'NONE', #1844, .T. ) ;
#2404 = EDGE_CURVE ( 'NONE', #2054, #2109, #1963, .T. ) ;
#2405 = DIRECTION ( 'NONE',  ( 0.0000000000000000000, 0.0000000000000000000, -1.000000000000000000 ) ) ;
#2406 = DIRECTION ( 'NONE',  ( 0.0000000000000000000, -1.453110634927782600E-016, 1.000000000000000000 ) ) ;
#2407 = DIRECTION ( 'NONE',  ( 0.0000000000000000000, 0.0000000000000000000, -1.000000000000000000 ) ) ;
#2408 = ORIENTED_EDGE ( 'NONE', *, *, #1955, .F. ) ;
#2409 = AXIS2_PLACEMENT_3D ( 'NONE', #1843, #2669, #2699 ) ;
#2410 = ORIENTED_EDGE ( 'NONE', *, *, #1103, .F. ) ;
#2411 = CARTESIAN_POINT ( 'NONE',  ( 0.8724999999999999400, 0.2100000000000000200, -1.171500000000000000 ) ) ;
#2412 = CARTESIAN_POINT ( 'NONE',  ( 0.9049999999999995800, 0.2065000000000000400, -0.7345000000000023700 ) ) ;
#2413 = ADVANCED_FACE ( 'NONE', ( #1214 ), #501, .F. ) ;
#2414 = SURFACE_STYLE_USAGE ( .BOTH. , #1105 ) ;
#2415 = DIRECTION ( 'NONE',  ( -0.0000000000000000000, 1.000000000000000000, -0.0000000000000000000 ) ) ;
#2416 = VECTOR ( 'NONE', #2701, 39.37007874015748100 ) ;
#2417 = CARTESIAN_POINT ( 'NONE',  ( -0.8725000000000001600, 0.2100000000000000200, 1.171000000000000000 ) ) ;
#2418 = EDGE_CURVE ( 'NONE', #749, #103, #2538, .T. ) ;
#2419 = CARTESIAN_POINT ( 'NONE',  ( -0.9800000000000002000, 0.05000000000000001000, -1.298000000000000900 ) ) ;
#2420 = CARTESIAN_POINT ( 'NONE',  ( -1.024999999999996800, 0.1440000000000000200, -0.1175000000000006900 ) ) ;
#2421 = DIRECTION ( 'NONE',  ( 0.0000000000000000000, 0.0000000000000000000, 1.000000000000000000 ) ) ;
#2422 = ORIENTED_EDGE ( 'NONE', *, *, #2551, .F. ) ;
#2423 = VECTOR ( 'NONE', #1322, 39.37007874015748100 ) ;
#2424 = CARTESIAN_POINT ( 'NONE',  ( -1.024999999999996800, 0.08000000000000002900, 1.323000000000000200 ) ) ;
#2425 = FACE_OUTER_BOUND ( 'NONE', #1588, .T. ) ;
#2426 = AXIS2_PLACEMENT_3D ( 'NONE', #2271, #1138, #692 ) ;
#2427 = DIRECTION ( 'NONE',  ( 1.000000000000000000, -0.0000000000000000000, -9.948463196155370300E-017 ) ) ;
#2428 = CARTESIAN_POINT ( 'NONE',  ( 1.004999999999999900, 0.05000000000000000300, -1.298000000000000900 ) ) ;
#2429 = CIRCLE ( 'NONE', #1191, 0.06250000000000001400 ) ;
#2430 = EDGE_LOOP ( 'NONE', ( #2372, #2236, #1017, #1611 ) ) ;
#2431 = ORIENTED_EDGE ( 'NONE', *, *, #366, .F. ) ;
#2432 = DIRECTION ( 'NONE',  ( -1.000000000000000000, 0.0000000000000000000, 0.0000000000000000000 ) ) ;
#2433 = VERTEX_POINT ( 'NONE', #1754 ) ;
#2434 = AXIS2_PLACEMENT_3D ( 'NONE', #1920, #1018, #1264 ) ;
#2435 = ORIENTED_EDGE ( 'NONE', *, *, #1427, .T. ) ;
#2436 = EDGE_LOOP ( 'NONE', ( #1597, #1439, #1818, #970 ) ) ;
#2437 = EDGE_LOOP ( 'NONE', ( #1468, #2264, #2716, #382, #948 ) ) ;
#2438 = ORIENTED_EDGE ( 'NONE', *, *, #134, .T. ) ;
#2439 = ORIENTED_EDGE ( 'NONE', *, *, #767, .F. ) ;
#2440 = ADVANCED_FACE ( 'NONE', ( #2105 ), #2219, .F. ) ;
#2441 = DIRECTION ( 'NONE',  ( -1.000000000000000000, 0.0000000000000000000, 0.0000000000000000000 ) ) ;
#2442 = CIRCLE ( 'NONE', #556, 0.05349999999999999200 ) ;
#2443 = DIRECTION ( 'NONE',  ( 0.0000000000000000000, 0.0000000000000000000, 1.000000000000000000 ) ) ;
#2444 = CARTESIAN_POINT ( 'NONE',  ( -1.004999999999999900, 0.0000000000000000000, 1.297999999999999400 ) ) ;
#2445 = EDGE_CURVE ( 'NONE', #1804, #2202, #1075, .T. ) ;
#2446 = EDGE_LOOP ( 'NONE', ( #1846, #89, #1914, #2422 ) ) ;
#2447 = DIRECTION ( 'NONE',  ( 9.948463196155366600E-017, 0.0000000000000000000, 1.000000000000000000 ) ) ;
#2448 = CYLINDRICAL_SURFACE ( 'NONE', #2607, 0.1250000000000000300 ) ;
#2449 = EDGE_LOOP ( 'NONE', ( #612, #140, #1745, #277 ) ) ;
#2450 = ADVANCED_FACE ( 'NONE', ( #1004 ), #1109, .F. ) ;
#2451 = ORIENTED_EDGE ( 'NONE', *, *, #2722, .T. ) ;
#2452 = DIRECTION ( 'NONE',  ( -1.000000000000000000, 0.0000000000000000000, -0.0000000000000000000 ) ) ;
#2453 = EDGE_LOOP ( 'NONE', ( #1156, #1742, #471, #2120 ) ) ;
#2454 = VECTOR ( 'NONE', #357, 39.37007874015748100 ) ;
#2455 = EDGE_CURVE ( 'NONE', #2109, #1192, #1582, .T. ) ;
#2456 = ORIENTED_EDGE ( 'NONE', *, *, #190, .T. ) ;
#2457 = CARTESIAN_POINT ( 'NONE',  ( 1.054999999999999700, 0.1440000000000000700, -0.4084999999999993600 ) ) ;
#2458 = DIRECTION ( 'NONE',  ( 0.0000000000000000000, 0.0000000000000000000, 1.000000000000000000 ) ) ;
#2459 = CARTESIAN_POINT ( 'NONE',  ( 0.8725000000000000500, 0.2100000000000000200, 1.296500000000000000 ) ) ;
#2460 = LINE ( 'NONE', #885, #97 ) ;
#2461 = CARTESIAN_POINT ( 'NONE',  ( 0.8725000000000000500, 0.09000000000000001100, 1.117999999999999900 ) ) ;
#2462 = LINE ( 'NONE', #1925, #2295 ) ;
#2463 = AXIS2_PLACEMENT_3D ( 'NONE', #285, #316, #536 ) ;
#2464 = ORIENTED_EDGE ( 'NONE', *, *, #1803, .F. ) ;
#2465 = ADVANCED_FACE ( 'NONE', ( #798 ), #1799, .T. ) ;
#2466 = LENGTH_MEASURE_WITH_UNIT ( LENGTH_MEASURE( 0.02539999999999999900 ), #35 );
#2467 = VERTEX_POINT ( 'NONE', #2620 ) ;
#2468 = ORIENTED_EDGE ( 'NONE', *, *, #729, .T. ) ;
#2469 = ORIENTED_EDGE ( 'NONE', *, *, #2475, .F. ) ;
#2470 = PLANE ( 'NONE',  #1837 ) ;
#2471 = DIRECTION ( 'NONE',  ( 1.000000000000000000, 0.0000000000000000000, 0.0000000000000000000 ) ) ;
#2472 = VERTEX_POINT ( 'NONE', #1535 ) ;
#2473 = AXIS2_PLACEMENT_3D ( 'NONE', #1102, #640, #1326 ) ;
#2474 = ORIENTED_EDGE ( 'NONE', *, *, #721, .F. ) ;
#2475 = EDGE_CURVE ( 'NONE', #2395, #1192, #60, .T. ) ;
#2476 = PLANE ( 'NONE',  #2803 ) ;
#2477 = CARTESIAN_POINT ( 'NONE',  ( 0.8725000000000000500, 0.2100000000000000200, 1.171500000000000000 ) ) ;
#2478 = AXIS2_PLACEMENT_3D ( 'NONE', #698, #2002, #2443 ) ;
#2479 = CARTESIAN_POINT ( 'NONE',  ( 0.9800000000000000900, 0.2700000000000000200, 1.372999999999999300 ) ) ;
#2480 = CONICAL_SURFACE ( 'NONE', #470, 0.06249999999999995100, 1.134464013796316000 ) ;
#2481 = AXIS2_PLACEMENT_3D ( 'NONE', #1575, #289, #712 ) ;
#2482 = CARTESIAN_POINT ( 'NONE',  ( 0.9049999999999995800, 0.1440000000000000700, -1.031999999999999600 ) ) ;
#2483 = CARTESIAN_POINT ( 'NONE',  ( 0.9800000000000000900, 0.05000000000000001000, 1.372999999999999300 ) ) ;
#2484 = ORIENTED_EDGE ( 'NONE', *, *, #125, .T. ) ;
#2485 = CYLINDRICAL_SURFACE ( 'NONE', #2508, 0.06250000000000000000 ) ;
#2486 = ADVANCED_FACE ( 'NONE', ( #364, #1581, #1551, #1278, #259 ), #2210, .F. ) ;
#2487 = CIRCLE ( 'NONE', #466, 0.05349999999999999200 ) ;
#2488 = CIRCLE ( 'NONE', #1153, 0.06249999999999995100 ) ;
#2489 = DIRECTION ( 'NONE',  ( 0.0000000000000000000, 0.0000000000000000000, 1.000000000000000000 ) ) ;
#2490 = ORIENTED_EDGE ( 'NONE', *, *, #1624, .T. ) ;
#2491 = VERTEX_POINT ( 'NONE', #1092 ) ;
#2492 = ORIENTED_EDGE ( 'NONE', *, *, #983, .F. ) ;
#2493 = AXIS2_PLACEMENT_3D ( 'NONE', #429, #2609, #2814 ) ;
#2494 = ORIENTED_EDGE ( 'NONE', *, *, #558, .F. ) ;
#2495 = ORIENTED_EDGE ( 'NONE', *, *, #255, .F. ) ;
#2496 = EDGE_LOOP ( 'NONE', ( #2199, #2136, #2498, #416 ) ) ;
#2497 = DIRECTION ( 'NONE',  ( 9.948463196155366600E-017, -1.453110634927815900E-016, 1.000000000000000000 ) ) ;
#2498 = ORIENTED_EDGE ( 'NONE', *, *, #595, .F. ) ;
#2499 = DIRECTION ( 'NONE',  ( 1.000000000000000000, -0.0000000000000000000, -0.0000000000000000000 ) ) ;
#2500 = CARTESIAN_POINT ( 'NONE',  ( -1.024999999999996800, 0.2700000000000000200, 1.323000000000000200 ) ) ;
#2501 = FACE_BOUND ( 'NONE', #746, .T. ) ;
#2502 = DIRECTION ( 'NONE',  ( 0.0000000000000000000, -1.453110634927782100E-016, 1.000000000000000000 ) ) ;
#2503 = EDGE_CURVE ( 'NONE', #958, #1807, #361, .T. ) ;
#2504 = ORIENTED_EDGE ( 'NONE', *, *, #1943, .F. ) ;
#2505 = CARTESIAN_POINT ( 'NONE',  ( 1.004999999999999900, 0.05000000000000000300, 1.297999999999999200 ) ) ;
#2506 = CARTESIAN_POINT ( 'NONE',  ( -1.043342308546124900, 0.1440000000000000700, 0.1799999999999992700 ) ) ;
#2507 = CARTESIAN_POINT ( 'NONE',  ( 1.024999999999996800, 0.2065000000000000400, -0.4084999999999993600 ) ) ;
#2508 = AXIS2_PLACEMENT_3D ( 'NONE', #1495, #2806, #1971 ) ;
#2509 = VERTEX_POINT ( 'NONE', #2653 ) ;
#2510 = CARTESIAN_POINT ( 'NONE',  ( 1.043342308546125100, 0.1440000000000000700, -0.9694999999999997000 ) ) ;
#2511 = LINE ( 'NONE', #830, #262 ) ;
#2512 = AXIS2_PLACEMENT_3D ( 'NONE', #2505, #1169, #2720 ) ;
#2513 = ORIENTED_EDGE ( 'NONE', *, *, #219, .T. ) ;
#2514 = FACE_OUTER_BOUND ( 'NONE', #1467, .T. ) ;
#2515 = DIRECTION ( 'NONE',  ( 0.0000000000000000000, 0.0000000000000000000, 1.000000000000000000 ) ) ;
#2516 = LINE ( 'NONE', #1802, #2181 ) ;
#2517 = EDGE_CURVE ( 'NONE', #6, #644, #1174, .T. ) ;
#2518 = CARTESIAN_POINT ( 'NONE',  ( 1.054999999999999700, 0.1440000000000000700, 0.06999999999999773100 ) ) ;
#2519 = CIRCLE ( 'NONE', #1101, 0.02499999999999987000 ) ;
#2520 = CARTESIAN_POINT ( 'NONE',  ( 1.043342308546125100, 0.1440000000000000200, 0.9585000000000005700 ) ) ;
#2521 = VECTOR ( 'NONE', #543, 39.37007874015748100 ) ;
#2522 = ORIENTED_EDGE ( 'NONE', *, *, #2365, .F. ) ;
#2523 = DIRECTION ( 'NONE',  ( 0.0000000000000000000, 0.0000000000000000000, -1.000000000000000000 ) ) ;
#2524 = CARTESIAN_POINT ( 'NONE',  ( -0.8725000000000001600, 0.08000000000000002900, -1.046000000000000000 ) ) ;
#2525 = DIRECTION ( 'NONE',  ( 0.0000000000000000000, 0.0000000000000000000, 1.000000000000000000 ) ) ;
#2526 = ORIENTED_EDGE ( 'NONE', *, *, #1905, .F. ) ;
#2527 = ORIENTED_EDGE ( 'NONE', *, *, #410, .T. ) ;
#2528 = ORIENTED_EDGE ( 'NONE', *, *, #600, .T. ) ;
#2529 = PLANE ( 'NONE',  #1327 ) ;
#2530 = VERTEX_POINT ( 'NONE', #488 ) ;
#2531 = CARTESIAN_POINT ( 'NONE',  ( 1.043342308546124200, 0.1440000000000000700, -0.4084999999999993600 ) ) ;
#2532 = ORIENTED_EDGE ( 'NONE', *, *, #1157, .T. ) ;
#2533 = EDGE_CURVE ( 'NONE', #1764, #2157, #433, .T. ) ;
#2534 = DIRECTION ( 'NONE',  ( 1.000000000000000000, -0.0000000000000000000, -9.948463196155370300E-017 ) ) ;
#2535 = EDGE_CURVE ( 'NONE', #276, #2530, #2812, .T. ) ;
#2536 =( CONVERSION_BASED_UNIT ( 'INCH', #2762 ) LENGTH_UNIT ( ) NAMED_UNIT ( #2736 ) );
#2537 = CARTESIAN_POINT ( 'NONE',  ( -1.054999999999999900, 0.05000000000000001000, 1.372999999999999300 ) ) ;
#2538 = CIRCLE ( 'NONE', #214, 0.08750000000000041100 ) ;
#2539 = LINE ( 'NONE', #496, #907 ) ;
#2540 = AXIS2_PLACEMENT_3D ( 'NONE', #1648, #560, #583 ) ;
#2541 = CARTESIAN_POINT ( 'NONE',  ( -1.024999999999996800, 0.2700000000000000200, 1.323000000000000200 ) ) ;
#2542 = VECTOR ( 'NONE', #624, 39.37007874015748100 ) ;
#2543 = DIRECTION ( 'NONE',  ( 0.0000000000000000000, 0.0000000000000000000, -1.000000000000000000 ) ) ;
#2544 = ORIENTED_EDGE ( 'NONE', *, *, #201, .T. ) ;
#2545 = CIRCLE ( 'NONE', #457, 0.07499999999999988600 ) ;
#2546 =( GEOMETRIC_REPRESENTATION_CONTEXT ( 3 ) GLOBAL_UNCERTAINTY_ASSIGNED_CONTEXT ( ( #963 ) ) GLOBAL_UNIT_ASSIGNED_CONTEXT ( ( #869, #480, #1330 ) ) REPRESENTATION_CONTEXT ( 'NONE', 'WORKASPACE' ) );
#2547 = FACE_OUTER_BOUND ( 'NONE', #1125, .T. ) ;
#2548 = DIRECTION ( 'NONE',  ( 0.0000000000000000000, 2.179665952391673600E-016, -1.000000000000000000 ) ) ;
#2549 = CARTESIAN_POINT ( 'NONE',  ( 1.024999999999996800, 0.1440000000000000700, -0.9694999999999997000 ) ) ;
#2550 = VECTOR ( 'NONE', #513, 39.37007874015748100 ) ;
#2551 = EDGE_CURVE ( 'NONE', #1123, #650, #627, .T. ) ;
#2552 = ORIENTED_EDGE ( 'NONE', *, *, #1415, .T. ) ;
#2553 = PLANE ( 'NONE',  #2237 ) ;
#2554 = DIRECTION ( 'NONE',  ( 0.0000000000000000000, 0.0000000000000000000, 1.000000000000000000 ) ) ;
#2555 = EDGE_LOOP ( 'NONE', ( #2066, #999, #138, #1277 ) ) ;
#2556 = ORIENTED_EDGE ( 'NONE', *, *, #899, .F. ) ;
#2557 = CARTESIAN_POINT ( 'NONE',  ( 1.043342308546125100, 0.2065000000000000400, 0.9585000000000005700 ) ) ;
#2558 = ORIENTED_EDGE ( 'NONE', *, *, #1323, .F. ) ;
#2559 = EDGE_LOOP ( 'NONE', ( #484, #1336, #1609, #2771 ) ) ;
#2560 = VERTEX_POINT ( 'NONE', #1995 ) ;
#2561 = AXIS2_PLACEMENT_3D ( 'NONE', #2034, #2234, #1139 ) ;
#2562 = ORIENTED_EDGE ( 'NONE', *, *, #482, .T. ) ;
#2563 = AXIS2_PLACEMENT_3D ( 'NONE', #1992, #2432, #257 ) ;
#2564 = DIRECTION ( 'NONE',  ( -0.9063077870366554900, 0.4226182617406875100, 1.515748057022418700E-016 ) ) ;
#2565 = DIRECTION ( 'NONE',  ( 0.0000000000000000000, 0.0000000000000000000, 1.000000000000000000 ) ) ;
#2566 = CARTESIAN_POINT ( 'NONE',  ( -0.8725000000000001600, 0.2100000000000000200, -1.171000000000000000 ) ) ;
#2567 = CARTESIAN_POINT ( 'NONE',  ( -1.024999999999996800, 0.2700000000000000200, 1.323000000000000200 ) ) ;
#2568 = CARTESIAN_POINT ( 'NONE',  ( -1.055000000000000200, 0.2700000000000000200, -1.373000000000000900 ) ) ;
#2569 = ORIENTED_EDGE ( 'NONE', *, *, #2030, .T. ) ;
#2570 = CONICAL_SURFACE ( 'NONE', #390, 0.06250000000000001400, 1.134464013796316000 ) ;
#2571 = DIRECTION ( 'NONE',  ( 0.0000000000000000000, 1.000000000000000000, 0.0000000000000000000 ) ) ;
#2572 = DIRECTION ( 'NONE',  ( -0.9063077870366512700, -0.4226182617406968300, -1.952966960283538400E-018 ) ) ;
#2573 = DIRECTION ( 'NONE',  ( -1.000000000000000000, -0.0000000000000000000, 9.948463196155367900E-017 ) ) ;
#2574 = LINE ( 'NONE', #1522, #530 ) ;
#2575 = CYLINDRICAL_SURFACE ( 'NONE', #2748, 0.05000000000000001000 ) ;
#2576 = DIRECTION ( 'NONE',  ( 1.000000000000000000, 0.0000000000000000000, 0.0000000000000000000 ) ) ;
#2577 = DIRECTION ( 'NONE',  ( 0.0000000000000000000, -0.0000000000000000000, 1.000000000000000000 ) ) ;
#2578 = ORIENTED_EDGE ( 'NONE', *, *, #1973, .T. ) ;
#2579 = LINE ( 'NONE', #2479, #1868 ) ;
#2580 = CARTESIAN_POINT ( 'NONE',  ( 1.043342308546125300, 0.08150000000000000300, -0.7345000000000023700 ) ) ;
#2581 = CYLINDRICAL_SURFACE ( 'NONE', #789, 0.05349999999999999200 ) ;
#2582 = FILL_AREA_STYLE_COLOUR ( '', #1185 ) ;
#2583 = DIRECTION ( 'NONE',  ( 0.0000000000000000000, 1.000000000000000000, 0.0000000000000000000 ) ) ;
#2584 = CYLINDRICAL_SURFACE ( 'NONE', #2037, 0.06249999999999997900 ) ;
#2585 = CARTESIAN_POINT ( 'NONE',  ( 1.024999999999996800, 0.08149999999999955900, 1.323000000000000200 ) ) ;
#2586 = DIRECTION ( 'NONE',  ( -1.000000000000000000, 0.0000000000000000000, 9.948463196155365400E-017 ) ) ;
#2587 = DIRECTION ( 'NONE',  ( 0.0000000000000000000, 0.0000000000000000000, -1.000000000000000000 ) ) ;
#2588 = CIRCLE ( 'NONE', #1382, 0.05349999999999999200 ) ;
#2589 = ORIENTED_EDGE ( 'NONE', *, *, #366, .T. ) ;
#2590 = EDGE_CURVE ( 'NONE', #549, #1811, #1725, .T. ) ;
#2591 = DIRECTION ( 'NONE',  ( 0.0000000000000000000, 0.0000000000000000000, 1.000000000000000000 ) ) ;
#2592 = ORIENTED_EDGE ( 'NONE', *, *, #1943, .T. ) ;
#2593 = DIRECTION ( 'NONE',  ( 0.0000000000000000000, 1.453110634927800100E-016, 1.000000000000000000 ) ) ;
#2594 = ORIENTED_EDGE ( 'NONE', *, *, #1295, .T. ) ;
#2595 = VERTEX_POINT ( 'NONE', #129 ) ;
#2596 = DIRECTION ( 'NONE',  ( -0.0000000000000000000, 1.000000000000000000, -0.0000000000000000000 ) ) ;
#2597 = EDGE_LOOP ( 'NONE', ( #747, #2468, #645, #931, #2513 ) ) ;
#2598 = FACE_BOUND ( 'NONE', #207, .T. ) ;
#2599 = DIRECTION ( 'NONE',  ( 0.0000000000000000000, 0.0000000000000000000, 1.000000000000000000 ) ) ;
#2600 = AXIS2_PLACEMENT_3D ( 'NONE', #2419, #317, #1921 ) ;
#2601 = DIRECTION ( 'NONE',  ( -1.000000000000000000, 0.0000000000000000000, 9.948463196155365400E-017 ) ) ;
#2602 = CARTESIAN_POINT ( 'NONE',  ( 0.9049999999999999200, 0.08150000000000000300, 0.9585000000000005700 ) ) ;
#2603 = ADVANCED_FACE ( 'NONE', ( #2067 ), #85, .F. ) ;
#2604 = LINE ( 'NONE', #2339, #1789 ) ;
#2605 = ORIENTED_EDGE ( 'NONE', *, *, #49, .T. ) ;
#2606 = CARTESIAN_POINT ( 'NONE',  ( -0.8725000000000001600, 0.08000000000000002900, 1.171000000000000000 ) ) ;
#2607 = AXIS2_PLACEMENT_3D ( 'NONE', #1453, #1665, #348 ) ;
#2608 = CARTESIAN_POINT ( 'NONE',  ( 1.024999999999996800, 0.2700000000000000200, 1.323000000000000200 ) ) ;
#2609 = DIRECTION ( 'NONE',  ( -1.000000000000000000, 0.0000000000000000000, 9.948463196155365400E-017 ) ) ;
#2610 = EDGE_CURVE ( 'NONE', #1425, #1285, #1615, .T. ) ;
#2611 = VERTEX_POINT ( 'NONE', #561 ) ;
#2612 = DIRECTION ( 'NONE',  ( 1.000000000000000000, 0.0000000000000000000, 0.0000000000000000000 ) ) ;
#2613 = CARTESIAN_POINT ( 'NONE',  ( 0.8724999999999999400, 0.09000000000000001100, -1.117999999999999900 ) ) ;
#2614 = CARTESIAN_POINT ( 'NONE',  ( -1.005000000000000100, 0.0000000000000000000, 9.998205512136143000E-017 ) ) ;
#2615 = VECTOR ( 'NONE', #1401, 39.37007874015748100 ) ;
#2616 = AXIS2_PLACEMENT_3D ( 'NONE', #315, #1652, #531 ) ;
#2617 = ORIENTED_EDGE ( 'NONE', *, *, #1469, .T. ) ;
#2618 = ADVANCED_FACE ( 'NONE', ( #1650 ), #2329, .F. ) ;
#2619 = CIRCLE ( 'NONE', #2493, 0.08749999999999995300 ) ;
#2620 = CARTESIAN_POINT ( 'NONE',  ( -1.024999999999996800, 0.2065000000000000700, 0.1174999999999992300 ) ) ;
#2621 = EDGE_CURVE ( 'NONE', #2359, #736, #1524, .T. ) ;
#2622 = CIRCLE ( 'NONE', #1741, 0.08750000000000009200 ) ;
#2623 = DIRECTION ( 'NONE',  ( 0.0000000000000000000, 1.000000000000000000, 0.0000000000000000000 ) ) ;
#2624 = CARTESIAN_POINT ( 'NONE',  ( 0.8724999999999999400, 0.2100000000000000200, -1.046500000000000000 ) ) ;
#2625 =( GEOMETRIC_REPRESENTATION_CONTEXT ( 3 ) GLOBAL_UNCERTAINTY_ASSIGNED_CONTEXT ( ( #2192 ) ) GLOBAL_UNIT_ASSIGNED_CONTEXT ( ( #2536, #1234, #2118 ) ) REPRESENTATION_CONTEXT ( 'NONE', 'WORKASPACE' ) );
#2626 = VECTOR ( 'NONE', #1833, 39.37007874015748100 ) ;
#2627 = EDGE_LOOP ( 'NONE', ( #2469, #2811, #1508, #1025 ) ) ;
#2628 = DIRECTION ( 'NONE',  ( -0.0000000000000000000, 0.0000000000000000000, 1.000000000000000000 ) ) ;
#2629 = ORIENTED_EDGE ( 'NONE', *, *, #1850, .T. ) ;
#2630 = ORIENTED_EDGE ( 'NONE', *, *, #1607, .F. ) ;
#2631 = VERTEX_POINT ( 'NONE', #1437 ) ;
#2632 = EDGE_LOOP ( 'NONE', ( #222, #1550, #770, #979 ) ) ;
#2633 = EDGE_LOOP ( 'NONE', ( #119, #73 ) ) ;
#2634 = EDGE_LOOP ( 'NONE', ( #989, #1580, #1165, #1303 ) ) ;
#2635 = ADVANCED_FACE ( 'NONE', ( #971 ), #1072, .T. ) ;
#2636 = EDGE_CURVE ( 'NONE', #2359, #76, #938, .T. ) ;
#2637 = DIRECTION ( 'NONE',  ( 0.0000000000000000000, -1.453110634927816200E-016, 1.000000000000000000 ) ) ;
#2638 = DIRECTION ( 'NONE',  ( 1.000000000000000000, 0.0000000000000000000, 0.0000000000000000000 ) ) ;
#2639 = DIRECTION ( 'NONE',  ( -0.0000000000000000000, -1.000000000000000000, -0.0000000000000000000 ) ) ;
#2640 = ADVANCED_FACE ( 'NONE', ( #323 ), #2448, .T. ) ;
#2641 =( NAMED_UNIT ( * ) PLANE_ANGLE_UNIT ( ) SI_UNIT ( $, .RADIAN. ) );
#2642 = AXIS2_PLACEMENT_3D ( 'NONE', #379, #1685, #797 ) ;
#2643 = ORIENTED_EDGE ( 'NONE', *, *, #1273, .F. ) ;
#2644 = FACE_BOUND ( 'NONE', #1371, .T. ) ;
#2645 = EDGE_CURVE ( 'NONE', #918, #1625, #1997, .T. ) ;
#2646 = VECTOR ( 'NONE', #404, 39.37007874015748100 ) ;
#2647 = CARTESIAN_POINT ( 'NONE',  ( 1.043342308546124900, 0.1440000000000000700, 0.1574999999999976100 ) ) ;
#2648 = ORIENTED_EDGE ( 'NONE', *, *, #632, .F. ) ;
#2649 = LINE ( 'NONE', #2743, #1806 ) ;
#2650 = CARTESIAN_POINT ( 'NONE',  ( -1.055000000000000200, 0.05000000000000001000, -1.373000000000000900 ) ) ;
#2651 = VECTOR ( 'NONE', #1711, 39.37007874015748900 ) ;
#2652 = AXIS2_PLACEMENT_3D ( 'NONE', #2052, #2064, #327 ) ;
#2653 = CARTESIAN_POINT ( 'NONE',  ( 1.054999999999999900, 0.2314999999999999000, 0.9585000000000005700 ) ) ;
#2654 = CIRCLE ( 'NONE', #1784, 0.05349999999999999200 ) ;
#2655 = CARTESIAN_POINT ( 'NONE',  ( 1.024999999999996800, 0.08000000000000002900, 1.323000000000000200 ) ) ;
#2656 = CARTESIAN_POINT ( 'NONE',  ( -0.8725000000000001600, 0.2100000000000000200, 1.171000000000000000 ) ) ;
#2657 = VECTOR ( 'NONE', #2119, 39.37007874015748100 ) ;
#2658 = ADVANCED_FACE ( 'NONE', ( #1484 ), #1859, .F. ) ;
#2659 = ORIENTED_EDGE ( 'NONE', *, *, #2220, .T. ) ;
#2660 = EDGE_LOOP ( 'NONE', ( #2795, #2431, #1058, #2494 ) ) ;
#2661 = ORIENTED_EDGE ( 'NONE', *, *, #1445, .F. ) ;
#2662 = DIRECTION ( 'NONE',  ( 0.0000000000000000000, 0.0000000000000000000, -1.000000000000000000 ) ) ;
#2663 = EDGE_CURVE ( 'NONE', #1373, #1409, #1106, .T. ) ;
#2664 = ORIENTED_EDGE ( 'NONE', *, *, #721, .T. ) ;
#2665 = VERTEX_POINT ( 'NONE', #1885 ) ;
#2666 = CARTESIAN_POINT ( 'NONE',  ( 0.9799999999999997600, 0.05000000000000001000, -1.373000000000000900 ) ) ;
#2667 = DIRECTION ( 'NONE',  ( 0.0000000000000000000, 0.0000000000000000000, 1.000000000000000000 ) ) ;
#2668 = ADVANCED_FACE ( 'NONE', ( #1420 ), #878, .F. ) ;
#2669 = DIRECTION ( 'NONE',  ( 0.0000000000000000000, 1.000000000000000000, 0.0000000000000000000 ) ) ;
#2670 = ORIENTED_EDGE ( 'NONE', *, *, #1905, .T. ) ;
#2671 = EDGE_CURVE ( 'NONE', #2467, #276, #1813, .T. ) ;
#2672 = CARTESIAN_POINT ( 'NONE',  ( -0.8725000000000001600, 0.09000000000000001100, -1.117499999999999900 ) ) ;
#2673 = DIRECTION ( 'NONE',  ( -0.4226182617406979400, -0.9063077870366504900, 0.0000000000000000000 ) ) ;
#2674 = CIRCLE ( 'NONE', #662, 0.07500000000000002500 ) ;
#2675 = VERTEX_POINT ( 'NONE', #358 ) ;
#2676 = CARTESIAN_POINT ( 'NONE',  ( 1.043342308546125100, 0.1440000000000000700, -0.9694999999999997000 ) ) ;
#2677 = DIRECTION ( 'NONE',  ( 0.0000000000000000000, 0.0000000000000000000, 1.000000000000000000 ) ) ;
#2678 = LINE ( 'NONE', #1776, #502 ) ;
#2679 = DIRECTION ( 'NONE',  ( 0.0000000000000000000, 0.0000000000000000000, 1.000000000000000000 ) ) ;
#2680 = VECTOR ( 'NONE', #210, 39.37007874015748100 ) ;
#2681 = LINE ( 'NONE', #728, #2454 ) ;
#2682 = ADVANCED_FACE ( 'NONE', ( #870 ), #1209, .F. ) ;
#2683 = EDGE_CURVE ( 'NONE', #778, #1602, #1893, .T. ) ;
#2684 = ORIENTED_EDGE ( 'NONE', *, *, #614, .F. ) ;
#2685 = CIRCLE ( 'NONE', #2652, 0.05349999999999999200 ) ;
#2686 = CARTESIAN_POINT ( 'NONE',  ( -1.005000000000000100, 0.05000000000000001000, -1.298000000000000900 ) ) ;
#2687 = VECTOR ( 'NONE', #1184, 39.37007874015748100 ) ;
#2688 = LINE ( 'NONE', #1878, #274 ) ;
#2689 = AXIS2_PLACEMENT_3D ( 'NONE', #492, #2628, #2246 ) ;
#2690 = EDGE_LOOP ( 'NONE', ( #229, #355, #319, #1410, #2592 ) ) ;
#2691 = ORIENTED_EDGE ( 'NONE', *, *, #1656, .F. ) ;
#2692 = VERTEX_POINT ( 'NONE', #2757 ) ;
#2693 = DIRECTION ( 'NONE',  ( -0.4226182617406979400, -0.9063077870366504900, 0.0000000000000000000 ) ) ;
#2694 = ORIENTED_EDGE ( 'NONE', *, *, #1554, .F. ) ;
#2695 = STYLED_ITEM ( 'NONE', ( #69 ), #1898 ) ;
#2696 = ORIENTED_EDGE ( 'NONE', *, *, #309, .F. ) ;
#2697 = ORIENTED_EDGE ( 'NONE', *, *, #75, .T. ) ;
#2698 = CARTESIAN_POINT ( 'NONE',  ( -1.055000000000000200, 0.1440000000000000200, -0.1175000000000006900 ) ) ;
#2699 = DIRECTION ( 'NONE',  ( 0.0000000000000000000, 0.0000000000000000000, 1.000000000000000000 ) ) ;
#2700 = EDGE_CURVE ( 'NONE', #1285, #2509, #223, .T. ) ;
#2701 = DIRECTION ( 'NONE',  ( 9.948463196155366600E-017, -2.179665952391724400E-016, 1.000000000000000000 ) ) ;
#2702 = DIRECTION ( 'NONE',  ( 0.0000000000000000000, 0.0000000000000000000, 1.000000000000000000 ) ) ;
#2703 = ORIENTED_EDGE ( 'NONE', *, *, #707, .F. ) ;
#2704 = AXIS2_PLACEMENT_3D ( 'NONE', #1869, #1414, #2489 ) ;
#2705 = DIRECTION ( 'NONE',  ( 0.4226182617406968300, -0.9063077870366510500, 0.0000000000000000000 ) ) ;
#2706 = DIRECTION ( 'NONE',  ( 0.0000000000000000000, 0.0000000000000000000, -1.000000000000000000 ) ) ;
#2707 = DIRECTION ( 'NONE',  ( 0.0000000000000000000, 2.179665952391673600E-016, -1.000000000000000000 ) ) ;
#2708 = ORIENTED_EDGE ( 'NONE', *, *, #354, .F. ) ;
#2709 = LINE ( 'NONE', #1380, #2137 ) ;
#2710 = CARTESIAN_POINT ( 'NONE',  ( -1.055000000000000200, 0.05649999999999955800, -0.1175000000000006900 ) ) ;
#2711 = CARTESIAN_POINT ( 'NONE',  ( 1.024999999999996800, 0.08150000000000004500, -0.1735000000000019600 ) ) ;
#2712 = CIRCLE ( 'NONE', #1891, 0.08749999999999992500 ) ;
#2713 = CARTESIAN_POINT ( 'NONE',  ( 1.024999999999996800, 0.08150000000000005900, -0.9694999999999995800 ) ) ;
#2714 = EDGE_CURVE ( 'NONE', #1565, #1694, #325, .T. ) ;
#2715 = CARTESIAN_POINT ( 'NONE',  ( -1.024999999999996800, 0.08000000000000002900, 1.323000000000000200 ) ) ;
#2716 = ORIENTED_EDGE ( 'NONE', *, *, #2503, .T. ) ;
#2717 = FACE_BOUND ( 'NONE', #563, .T. ) ;
#2718 = FACE_OUTER_BOUND ( 'NONE', #264, .T. ) ;
#2719 = FACE_OUTER_BOUND ( 'NONE', #139, .T. ) ;
#2720 = DIRECTION ( 'NONE',  ( 1.000000000000000000, 0.0000000000000000000, 0.0000000000000000000 ) ) ;
#2721 = CARTESIAN_POINT ( 'NONE',  ( 1.043342308546125100, 0.2065000000000000400, 0.9585000000000005700 ) ) ;
#2722 = EDGE_CURVE ( 'NONE', #1880, #179, #973, .T. ) ;
#2723 = ADVANCED_FACE ( 'NONE', ( #2069 ), #1949, .F. ) ;
#2724 = LINE ( 'NONE', #2298, #1016 ) ;
#2725 = EDGE_CURVE ( 'NONE', #369, #136, #1486, .T. ) ;
#2726 = DIRECTION ( 'NONE',  ( 9.948463196155366600E-017, 1.453110634927800100E-016, 1.000000000000000000 ) ) ;
#2727 = ORIENTED_EDGE ( 'NONE', *, *, #1307, .T. ) ;
#2728 = EDGE_LOOP ( 'NONE', ( #2661, #44 ) ) ;
#2729 = VERTEX_POINT ( 'NONE', #391 ) ;
#2730 = EDGE_LOOP ( 'NONE', ( #1712, #2058, #537, #611 ) ) ;
#2731 = CARTESIAN_POINT ( 'NONE',  ( 1.054999999999999700, 0.2700000000000000200, -1.298000000000000900 ) ) ;
#2732 = DIRECTION ( 'NONE',  ( 0.0000000000000000000, 2.179665952391724100E-016, -1.000000000000000000 ) ) ;
#2733 = DIRECTION ( 'NONE',  ( 0.4226182617406979400, 0.0000000000000000000, -0.9063077870366507100 ) ) ;
#2734 = EDGE_CURVE ( 'NONE', #1507, #6, #834, .T. ) ;
#2735 = CARTESIAN_POINT ( 'NONE',  ( -0.8725000000000001600, 0.09000000000000001100, -1.171000000000000000 ) ) ;
#2736 = DIMENSIONAL_EXPONENTS ( 1.000000000000000000, 0.0000000000000000000, 0.0000000000000000000, 0.0000000000000000000, 0.0000000000000000000, 0.0000000000000000000, 0.0000000000000000000 ) ;
#2737 = EDGE_LOOP ( 'NONE', ( #1780, #1705, #2703, #2474 ) ) ;
#2738 = CARTESIAN_POINT ( 'NONE',  ( -1.055000000000000200, 0.2315000000000004800, -0.1175000000000006900 ) ) ;
#2739 = DIRECTION ( 'NONE',  ( 0.0000000000000000000, 1.000000000000000000, 0.0000000000000000000 ) ) ;
#2740 = AXIS2_PLACEMENT_3D ( 'NONE', #1154, #1412, #2679 ) ;
#2741 = VERTEX_POINT ( 'NONE', #183 ) ;
#2742 = CARTESIAN_POINT ( 'NONE',  ( 1.043342308546124900, 0.1440000000000000700, 0.7234999999999978100 ) ) ;
#2743 = CARTESIAN_POINT ( 'NONE',  ( 0.9049999999999999200, 0.2065000000000000700, 0.7234999999999978100 ) ) ;
#2744 = DIRECTION ( 'NONE',  ( 1.000000000000000000, 0.0000000000000000000, 0.0000000000000000000 ) ) ;
#2745 = EDGE_CURVE ( 'NONE', #1128, #204, #2574, .T. ) ;
#2746 = LINE ( 'NONE', #2013, #2250 ) ;
#2747 = CARTESIAN_POINT ( 'NONE',  ( -0.9799999999999999800, 0.2700000000000000200, 1.372999999999999300 ) ) ;
#2748 = AXIS2_PLACEMENT_3D ( 'NONE', #40, #2441, #1954 ) ;
#2749 = CIRCLE ( 'NONE', #98, 0.06249999999999995100 ) ;
#2750 = VECTOR ( 'NONE', #2726, 39.37007874015748100 ) ;
#2751 = DIRECTION ( 'NONE',  ( 0.4226182617407037700, 0.0000000000000000000, -0.9063077870366479400 ) ) ;
#2752 = ADVANCED_FACE ( 'NONE', ( #88 ), #1617, .F. ) ;
#2753 = ORIENTED_EDGE ( 'NONE', *, *, #2535, .F. ) ;
#2754 = FACE_OUTER_BOUND ( 'NONE', #666, .T. ) ;
#2755 = EDGE_CURVE ( 'NONE', #2330, #2433, #1176, .T. ) ;
#2756 = CIRCLE ( 'NONE', #2478, 0.06249999999999995100 ) ;
#2757 = CARTESIAN_POINT ( 'NONE',  ( 1.024999999999996800, 0.1440000000000000700, -1.031999999999999600 ) ) ;
#2758 = CIRCLE ( 'NONE', #969, 0.08749999999999967500 ) ;
#2759 = ORIENTED_EDGE ( 'NONE', *, *, #475, .T. ) ;
#2760 = CARTESIAN_POINT ( 'NONE',  ( -1.055000000000000200, 0.05649999999999965500, 0.1174999999999992400 ) ) ;
#2761 = CARTESIAN_POINT ( 'NONE',  ( 1.054999999999999700, 0.2314999999999999300, -0.9694999999999997000 ) ) ;
#2762 = LENGTH_MEASURE_WITH_UNIT ( LENGTH_MEASURE( 0.02539999999999999900 ), #588 );
#2763 = AXIS2_PLACEMENT_3D ( 'NONE', #2686, #2515, #898 ) ;
#2764 = EDGE_LOOP ( 'NONE', ( #422, #280, #1876, #311 ) ) ;
#2765 = ORIENTED_EDGE ( 'NONE', *, *, #1352, .T. ) ;
#2766 = EDGE_CURVE ( 'NONE', #1938, #923, #1688, .T. ) ;
#2767 = VERTEX_POINT ( 'NONE', #605 ) ;
#2768 = EDGE_CURVE ( 'NONE', #2530, #123, #639, .T. ) ;
#2769 = CARTESIAN_POINT ( 'NONE',  ( 1.004999999999999700, 0.0000000000000000000, -1.298000000000000900 ) ) ;
#2770 = ORIENTED_EDGE ( 'NONE', *, *, #569, .T. ) ;
#2771 = ORIENTED_EDGE ( 'NONE', *, *, #434, .T. ) ;
#2772 = DIRECTION ( 'NONE',  ( 0.0000000000000000000, 2.179665952391673600E-016, -1.000000000000000000 ) ) ;
#2773 = DIRECTION ( 'NONE',  ( 0.4226182617406987800, 0.9063077870366501600, 0.0000000000000000000 ) ) ;
#2774 = DIRECTION ( 'NONE',  ( 2.168432650728175800E-032, -1.000000000000000000, 2.179665952391699700E-016 ) ) ;
#2775 = EDGE_LOOP ( 'NONE', ( #1935, #2558, #1296, #137 ) ) ;
#2776 = DIRECTION ( 'NONE',  ( 1.000000000000000000, -0.0000000000000000000, -9.948463196155369100E-017 ) ) ;
#2777 = DIRECTION ( 'NONE',  ( 9.948463196155366600E-017, -1.453110634927782100E-016, 1.000000000000000000 ) ) ;
#2778 = AXIS2_PLACEMENT_3D ( 'NONE', #1718, #602, #593 ) ;
#2779 = DIRECTION ( 'NONE',  ( 1.000000000000000000, 0.0000000000000000000, 0.0000000000000000000 ) ) ;
#2780 = DIRECTION ( 'NONE',  ( 0.0000000000000000000, 0.0000000000000000000, 1.000000000000000000 ) ) ;
#2781 = CARTESIAN_POINT ( 'NONE',  ( 1.043342308546124900, 0.2065000000000000700, 0.1574999999999976400 ) ) ;
#2782 = EDGE_LOOP ( 'NONE', ( #2190, #346, #1353, #1950 ) ) ;
#2783 = LINE ( 'NONE', #503, #1695 ) ;
#2784 = AXIS2_PLACEMENT_3D ( 'NONE', #171, #625, #819 ) ;
#2785 = CARTESIAN_POINT ( 'NONE',  ( 1.024999999999996800, 0.2065000000000000400, 0.3925000000000004000 ) ) ;
#2786 = FACE_OUTER_BOUND ( 'NONE', #852, .T. ) ;
#2787 = CARTESIAN_POINT ( 'NONE',  ( 0.9799999999999997600, 0.0000000000000000000, -1.298000000000000900 ) ) ;
#2788 = DIRECTION ( 'NONE',  ( -0.4226182617407052100, 0.9063077870366472700, 0.0000000000000000000 ) ) ;
#2789 = FACE_OUTER_BOUND ( 'NONE', #310, .T. ) ;
#2790 = EDGE_CURVE ( 'NONE', #1080, #1212, #339, .T. ) ;
#2791 = DIRECTION ( 'NONE',  ( 0.0000000000000000000, 0.0000000000000000000, -1.000000000000000000 ) ) ;
#2792 = TOROIDAL_SURFACE ( 'NONE', #1901, 0.02499999999999999100, 0.05000000000000000300 ) ;
#2793 = DIRECTION ( 'NONE',  ( 1.000000000000000000, -0.0000000000000000000, -9.948463196155369100E-017 ) ) ;
#2794 = DIRECTION ( 'NONE',  ( 0.0000000000000000000, 0.0000000000000000000, -1.000000000000000000 ) ) ;
#2795 = ORIENTED_EDGE ( 'NONE', *, *, #2768, .T. ) ;
#2796 = ORIENTED_EDGE ( 'NONE', *, *, #2683, .T. ) ;
#2797 = EDGE_LOOP ( 'NONE', ( #2204, #2102 ) ) ;
#2798 = CARTESIAN_POINT ( 'NONE',  ( 0.9049999999999999200, 0.1440000000000000700, 0.7234999999999978100 ) ) ;
#2799 = AXIS2_PLACEMENT_3D ( 'NONE', #461, #2662, #2452 ) ;
#2800 = ORIENTED_EDGE ( 'NONE', *, *, #2148, .F. ) ;
#2801 = CARTESIAN_POINT ( 'NONE',  ( 1.054999999999999700, 0.2315000000000001800, -1.373000000000000900 ) ) ;
#2802 = CARTESIAN_POINT ( 'NONE',  ( 1.024999999999996800, 0.08000000000000002900, -1.323000000000000200 ) ) ;
#2803 = AXIS2_PLACEMENT_3D ( 'NONE', #1429, #2099, #2548 ) ;
#2804 = CARTESIAN_POINT ( 'NONE',  ( -0.9050000000000000300, 0.08150000000000007200, 0.1174999999999992300 ) ) ;
#2805 = DIRECTION ( 'NONE',  ( 0.0000000000000000000, 1.000000000000000000, 0.0000000000000000000 ) ) ;
#2806 = DIRECTION ( 'NONE',  ( -1.000000000000000000, -0.0000000000000000000, 9.948463196155367900E-017 ) ) ;
#2807 = EDGE_LOOP ( 'NONE', ( #428, #458, #890, #2697, #2490 ) ) ;
#2808 = EDGE_CURVE ( 'NONE', #2123, #2741, #1189, .T. ) ;
#2809 = DIRECTION ( 'NONE',  ( -1.000000000000000000, 0.0000000000000000000, 0.0000000000000000000 ) ) ;
#2810 = DIRECTION ( 'NONE',  ( 0.0000000000000000000, 0.0000000000000000000, 1.000000000000000000 ) ) ;
#2811 = ORIENTED_EDGE ( 'NONE', *, *, #134, .F. ) ;
#2812 = LINE ( 'NONE', #2001, #120 ) ;
#2813 = PLANE ( 'NONE',  #499 ) ;
#2814 = DIRECTION ( 'NONE',  ( 0.0000000000000000000, 0.0000000000000000000, 1.000000000000000000 ) ) ;
#2815 = AXIS2_PLACEMENT_3D ( 'NONE', #696, #495, #1814 ) ;
#2816 = ORIENTED_EDGE ( 'NONE', *, *, #1772, .F. ) ;
#2817 = CONICAL_SURFACE ( 'NONE', #2563, 0.06250000000000001400, 1.134464013796315300 ) ;
#2818 = ADVANCED_FACE ( 'NONE', ( #2228 ), #1910, .F. ) ;
#2819 = CARTESIAN_POINT ( 'NONE',  ( 1.024999999999996800, 0.1440000000000000700, 0.09499999999999758600 ) ) ;
#2820 = EDGE_CURVE ( 'NONE', #1948, #2123, #743, .T. ) ;
#2821 = CIRCLE ( 'NONE', #2540, 0.1250000000000000300 ) ;
#2822 = DIRECTION ( 'NONE',  ( 0.0000000000000000000, 2.179665952391724100E-016, -1.000000000000000000 ) ) ;
#2823 = CARTESIAN_POINT ( 'NONE',  ( 1.054999999999999700, 0.05650000000000050800, -1.373000000000000900 ) ) ;
#2824 = ORIENTED_EDGE ( 'NONE', *, *, #1934, .F. ) ;
#2825 = FACE_OUTER_BOUND ( 'NONE', #877, .T. ) ;
#2826 = CARTESIAN_POINT ( 'NONE',  ( -1.055000000000000200, 0.2700000000000000200, -1.373000000000000900 ) ) ;
#2827 = CIRCLE ( 'NONE', #801, 0.06250000000000001400 ) ;
ENDSEC;
END-ISO-10303-21;
